X,Y,bio1,bio3,bio7,bio12
,,,,,
147.096394,-36.935687,9.408354,40.790546,23.0895,1292.0
148.450743,-35.999643,8.269542,41.030262,23.858,1440.0
148.461854,-36.009001,6.928167,41.78015,23.69975,1647.0
148.459452,-36.002648,6.928167,41.78015,23.69975,1647.0
148.461854,-36.009001,6.928167,41.78015,23.69975,1647.0
148.450743,-35.999643,8.269542,41.030262,23.858,1440.0
148.461854,-36.009001,6.928167,41.78015,23.69975,1647.0
148.450743,-35.999643,8.269542,41.030262,23.858,1440.0
148.461854,-36.009001,6.928167,41.78015,23.69975,1647.0
148.459452,-36.002648,6.928167,41.78015,23.69975,1647.0
148.459399,-36.00639,6.928167,41.78015,23.69975,1647.0
148.459452,-36.002648,6.928167,41.78015,23.69975,1647.0
148.459399,-36.00639,6.928167,41.78015,23.69975,1647.0
148.459452,-36.002648,6.928167,41.78015,23.69975,1647.0
148.459399,-36.00639,6.928167,41.78015,23.69975,1647.0
148.450743,-35.999643,8.269542,41.030262,23.858,1440.0
148.384504,-36.299613,6.1706977,41.119827,23.4645,1692.0
148.459452,-36.002648,6.928167,41.78015,23.69975,1647.0
148.461854,-36.009001,6.928167,41.78015,23.69975,1647.0
148.451831,-35.998449,8.269542,41.030262,23.858,1440.0
148.461854,-36.009001,6.928167,41.78015,23.69975,1647.0
148.459399,-36.00639,6.928167,41.78015,23.69975,1647.0
148.450743,-35.999643,8.269542,41.030262,23.858,1440.0
148.461452,-36.00879,6.928167,41.78015,23.69975,1647.0
148.459399,-36.00639,6.928167,41.78015,23.69975,1647.0
148.450743,-35.999643,8.269542,41.030262,23.858,1440.0
148.457839,-36.002992,6.928167,41.78015,23.69975,1647.0
148.461854,-36.009001,6.928167,41.78015,23.69975,1647.0
148.461452,-36.00879,6.928167,41.78015,23.69975,1647.0
148.451831,-35.998449,8.269542,41.030262,23.858,1440.0
148.458358,-36.005284,6.928167,41.78015,23.69975,1647.0
148.459399,-36.00639,6.928167,41.78015,23.69975,1647.0
148.451831,-35.998449,8.269542,41.030262,23.858,1440.0
148.461452,-36.00879,6.928167,41.78015,23.69975,1647.0
148.458838,-36.003016,6.928167,41.78015,23.69975,1647.0
148.461854,-36.009001,6.928167,41.78015,23.69975,1647.0
148.450743,-35.999643,8.269542,41.030262,23.858,1440.0
148.450743,-35.999643,8.269542,41.030262,23.858,1440.0
148.459452,-36.002648,6.928167,41.78015,23.69975,1647.0
148.459499,-36.00097,6.928167,41.78015,23.69975,1647.0
148.451335,-35.999862,8.269542,41.030262,23.858,1440.0
148.459399,-36.00639,6.928167,41.78015,23.69975,1647.0
148.452076,-35.998518,8.269542,41.030262,23.858,1440.0
148.459399,-36.00639,6.928167,41.78015,23.69975,1647.0
148.450743,-35.999643,8.269542,41.030262,23.858,1440.0
148.448522,-36.000094,6.928167,41.78015,23.69975,1647.0
148.450743,-35.999643,8.269542,41.030262,23.858,1440.0
148.459399,-36.00639,6.928167,41.78015,23.69975,1647.0
148.450743,-35.999643,8.269542,41.030262,23.858,1440.0
148.461854,-36.009001,6.928167,41.78015,23.69975,1647.0
148.459399,-36.00639,6.928167,41.78015,23.69975,1647.0
148.461854,-36.009001,6.928167,41.78015,23.69975,1647.0
148.461854,-36.009001,6.928167,41.78015,23.69975,1647.0
148.450743,-35.999643,8.269542,41.030262,23.858,1440.0
148.459399,-36.00639,6.928167,41.78015,23.69975,1647.0
148.448522,-36.000094,6.928167,41.78015,23.69975,1647.0
148.461854,-36.009001,6.928167,41.78015,23.69975,1647.0
148.450743,-35.999643,8.269542,41.030262,23.858,1440.0
148.450743,-35.999643,8.269542,41.030262,23.858,1440.0
148.459399,-36.00639,6.928167,41.78015,23.69975,1647.0
148.461854,-36.009001,6.928167,41.78015,23.69975,1647.0
148.450743,-35.999643,8.269542,41.030262,23.858,1440.0
148.459399,-36.00639,6.928167,41.78015,23.69975,1647.0
148.461854,-36.009001,6.928167,41.78015,23.69975,1647.0
148.459399,-36.00639,6.928167,41.78015,23.69975,1647.0
148.459399,-36.00639,6.928167,41.78015,23.69975,1647.0
148.461854,-36.009001,6.928167,41.78015,23.69975,1647.0
148.461854,-36.009001,6.928167,41.78015,23.69975,1647.0
148.450743,-35.999643,8.269542,41.030262,23.858,1440.0
148.402379,-36.006917,6.928167,41.78015,23.69975,1647.0
148.402379,-36.006917,6.928167,41.78015,23.69975,1647.0
148.332495,-36.432909,7.8357186,41.597527,23.50275,1500.0
148.397117,-36.381057,6.881583,42.268078,23.133,1544.0
148.397117,-36.381057,6.881583,42.268078,23.133,1544.0
148.390944,-36.302901,6.1706977,41.119827,23.4645,1692.0
148.390944,-36.302901,6.1706977,41.119827,23.4645,1692.0
148.332495,-36.432909,7.8357186,41.597527,23.50275,1500.0
148.39807,-35.950739,8.269542,41.030262,23.858,1440.0
148.39807,-35.950739,8.269542,41.030262,23.858,1440.0
148.451831,-35.998449,8.269542,41.030262,23.858,1440.0
148.461854,-36.009001,6.928167,41.78015,23.69975,1647.0
148.450743,-35.999643,8.269542,41.030262,23.858,1440.0
148.461854,-36.009001,6.928167,41.78015,23.69975,1647.0
148.450743,-35.999643,8.269542,41.030262,23.858,1440.0
148.394188,-35.958231,8.269542,41.030262,23.858,1440.0
148.450743,-35.999643,8.269542,41.030262,23.858,1440.0
148.461854,-36.009001,6.928167,41.78015,23.69975,1647.0
148.461854,-36.009001,6.928167,41.78015,23.69975,1647.0
148.450743,-35.999643,8.269542,41.030262,23.858,1440.0
148.311644,-36.44677,7.8357186,41.597527,23.50275,1500.0
148.37793,-36.411948,6.881583,42.268078,23.133,1544.0
148.37793,-36.411948,6.881583,42.268078,23.133,1544.0
148.397117,-36.381057,6.881583,42.268078,23.133,1544.0
148.397117,-36.381057,6.881583,42.268078,23.133,1544.0
148.390944,-36.302901,6.1706977,41.119827,23.4645,1692.0
148.332495,-36.432909,7.8357186,41.597527,23.50275,1500.0
148.311644,-36.44677,7.8357186,41.597527,23.50275,1500.0
148.390944,-36.302901,6.1706977,41.119827,23.4645,1692.0
148.332495,-36.432909,7.8357186,41.597527,23.50275,1500.0
146.435,-37.15167,9.628083,40.316017,22.47225,1353.0
146.43806,-37.15361,9.628083,40.316017,22.47225,1353.0
146.43861,-37.15417,9.628083,40.316017,22.47225,1353.0
146.43389,-37.15056,9.628083,40.316017,22.47225,1353.0
147.14228,-36.98542,9.408354,40.790546,23.0895,1292.0
146.43722,-37.15333,9.628083,40.316017,22.47225,1353.0
146.44028,-37.15111,9.628083,40.316017,22.47225,1353.0
146.43611,-37.15194,9.628083,40.316017,22.47225,1353.0
147.15803,-36.99081,9.408354,40.790546,23.0895,1292.0
146.42889,-37.15389,9.628083,40.316017,22.47225,1353.0
147.14453,-36.98362,9.408354,40.790546,23.0895,1292.0
147.15795,-36.9548,9.408354,40.790546,23.0895,1292.0
146.42278,-37.14667,9.628083,40.316017,22.47225,1353.0
148.451584,-35.998885,8.269542,41.030262,23.858,1440.0
147.21844,-36.89697,6.8537397,39.09556,22.146751,1519.0
147.26861,-36.7995,9.479864,41.633244,23.43775,1303.0
147.15833,-36.95833,9.408354,40.790546,23.0895,1292.0
148.338776,-36.430986,6.881583,42.268078,23.133,1544.0
148.395217,-36.550512,8.420698,43.542496,23.142,1223.0
148.461854,-36.009001,6.928167,41.78015,23.69975,1647.0
148.461854,-36.009001,6.928167,41.78015,23.69975,1647.0
148.461854,-36.009001,6.928167,41.78015,23.69975,1647.0
148.461854,-36.009001,6.928167,41.78015,23.69975,1647.0
148.450743,-35.999643,8.269542,41.030262,23.858,1440.0
148.450743,-35.999643,8.269542,41.030262,23.858,1440.0
148.311644,-36.44677,7.8357186,41.597527,23.50275,1500.0
148.397117,-36.381057,6.881583,42.268078,23.133,1544.0
148.37793,-36.411948,6.881583,42.268078,23.133,1544.0
148.311644,-36.44677,7.8357186,41.597527,23.50275,1500.0
148.390944,-36.302901,6.1706977,41.119827,23.4645,1692.0
148.332495,-36.432909,7.8357186,41.597527,23.50275,1500.0
148.397117,-36.381057,6.881583,42.268078,23.133,1544.0
148.332495,-36.432909,7.8357186,41.597527,23.50275,1500.0
148.37793,-36.411948,6.881583,42.268078,23.133,1544.0
148.390944,-36.302901,6.1706977,41.119827,23.4645,1692.0
147.15803,-36.99081,9.408354,40.790546,23.0895,1292.0
146.43722,-37.15333,9.628083,40.316017,22.47225,1353.0
146.43389,-37.15056,9.628083,40.316017,22.47225,1353.0
146.44028,-37.15111,9.628083,40.316017,22.47225,1353.0
146.43611,-37.15194,9.628083,40.316017,22.47225,1353.0
147.15795,-36.9548,9.408354,40.790546,23.0895,1292.0
146.42889,-37.15389,9.628083,40.316017,22.47225,1353.0
146.435,-37.15167,9.628083,40.316017,22.47225,1353.0
146.43861,-37.15417,9.628083,40.316017,22.47225,1353.0
147.14453,-36.98362,9.408354,40.790546,23.0895,1292.0
146.43806,-37.15361,9.628083,40.316017,22.47225,1353.0
147.14228,-36.98542,9.408354,40.790546,23.0895,1292.0
147.15833,-36.95833,9.408354,40.790546,23.0895,1292.0
147.21844,-36.89697,6.8537397,39.09556,22.146751,1519.0
148.38327,-36.385102,6.881583,42.268078,23.133,1544.0
148.38327,-36.385102,6.881583,42.268078,23.133,1544.0
148.385203,-36.384799,6.881583,42.268078,23.133,1544.0
146.43611,-37.15194,9.628083,40.316017,22.47225,1353.0
148.451335,-35.999862,8.269542,41.030262,23.858,1440.0
148.461854,-36.009001,6.928167,41.78015,23.69975,1647.0
148.461854,-36.009001,6.928167,41.78015,23.69975,1647.0
148.450743,-35.999643,8.269542,41.030262,23.858,1440.0
148.450743,-35.999643,8.269542,41.030262,23.858,1440.0
148.450743,-35.999643,8.269542,41.030262,23.858,1440.0
148.461825,-36.003169,6.928167,41.78015,23.69975,1647.0
148.450743,-35.999643,8.269542,41.030262,23.858,1440.0
146.435,-37.15167,9.628083,40.316017,22.47225,1353.0
146.43861,-37.15417,9.628083,40.316017,22.47225,1353.0
146.43389,-37.15056,9.628083,40.316017,22.47225,1353.0
146.43806,-37.15361,9.628083,40.316017,22.47225,1353.0
146.44028,-37.15111,9.628083,40.316017,22.47225,1353.0
146.42889,-37.15389,9.628083,40.316017,22.47225,1353.0
146.43722,-37.15333,9.628083,40.316017,22.47225,1353.0
147.14228,-36.98542,9.408354,40.790546,23.0895,1292.0
148.389243,-35.948723,8.269542,41.030262,23.858,1440.0
148.389243,-35.948723,8.269542,41.030262,23.858,1440.0
148.459452,-36.002648,6.928167,41.78015,23.69975,1647.0
148.459452,-36.002648,6.928167,41.78015,23.69975,1647.0
148.449367,-35.99902,8.269542,41.030262,23.858,1440.0
148.459399,-36.00639,6.928167,41.78015,23.69975,1647.0
148.461854,-36.009001,6.928167,41.78015,23.69975,1647.0
148.459399,-36.00639,6.928167,41.78015,23.69975,1647.0
148.459399,-36.00639,6.928167,41.78015,23.69975,1647.0
148.461854,-36.009001,6.928167,41.78015,23.69975,1647.0
148.461854,-36.009001,6.928167,41.78015,23.69975,1647.0
148.461854,-36.009001,6.928167,41.78015,23.69975,1647.0
148.450743,-35.999643,8.269542,41.030262,23.858,1440.0
147.14228,-36.98542,9.408354,40.790546,23.0895,1292.0
147.15795,-36.9548,9.408354,40.790546,23.0895,1292.0
146.43861,-37.15417,9.628083,40.316017,22.47225,1353.0
146.43611,-37.15194,9.628083,40.316017,22.47225,1353.0
146.43389,-37.15056,9.628083,40.316017,22.47225,1353.0
146.42278,-37.14667,9.628083,40.316017,22.47225,1353.0
146.44028,-37.15111,9.628083,40.316017,22.47225,1353.0
146.43806,-37.15361,9.628083,40.316017,22.47225,1353.0
146.42889,-37.15389,9.628083,40.316017,22.47225,1353.0
146.43722,-37.15333,9.628083,40.316017,22.47225,1353.0
146.435,-37.15167,9.628083,40.316017,22.47225,1353.0
147.14453,-36.98362,9.408354,40.790546,23.0895,1292.0
147.15803,-36.99081,9.408354,40.790546,23.0895,1292.0
147.26861,-36.7995,9.479864,41.633244,23.43775,1303.0
148.382818,-35.963069,8.269542,41.030262,23.858,1440.0
148.381497,-35.962949,8.269542,41.030262,23.858,1440.0
148.382818,-35.963069,8.269542,41.030262,23.858,1440.0
148.382818,-35.963069,8.269542,41.030262,23.858,1440.0
148.461854,-36.009001,6.928167,41.78015,23.69975,1647.0
148.459499,-36.00097,6.928167,41.78015,23.69975,1647.0
148.459499,-36.00097,6.928167,41.78015,23.69975,1647.0
148.459499,-36.00097,6.928167,41.78015,23.69975,1647.0
148.450743,-35.999643,8.269542,41.030262,23.858,1440.0
148.459452,-36.002648,6.928167,41.78015,23.69975,1647.0
148.450743,-35.999643,8.269542,41.030262,23.858,1440.0
148.461854,-36.009001,6.928167,41.78015,23.69975,1647.0
148.450743,-35.999643,8.269542,41.030262,23.858,1440.0
148.450743,-35.999643,8.269542,41.030262,23.858,1440.0
148.459452,-36.002648,6.928167,41.78015,23.69975,1647.0
148.459452,-36.002648,6.928167,41.78015,23.69975,1647.0
148.459452,-36.002648,6.928167,41.78015,23.69975,1647.0
148.461854,-36.009001,6.928167,41.78015,23.69975,1647.0
148.461854,-36.009001,6.928167,41.78015,23.69975,1647.0
148.461854,-36.009001,6.928167,41.78015,23.69975,1647.0
148.461854,-36.009001,6.928167,41.78015,23.69975,1647.0
148.459393,-36.002441,6.928167,41.78015,23.69975,1647.0
148.459452,-36.002648,6.928167,41.78015,23.69975,1647.0
148.461854,-36.009001,6.928167,41.78015,23.69975,1647.0
148.461854,-36.009001,6.928167,41.78015,23.69975,1647.0
148.459452,-36.002648,6.928167,41.78015,23.69975,1647.0
148.461854,-36.009001,6.928167,41.78015,23.69975,1647.0
148.459452,-36.002648,6.928167,41.78015,23.69975,1647.0
148.461854,-36.009001,6.928167,41.78015,23.69975,1647.0
148.459452,-36.002648,6.928167,41.78015,23.69975,1647.0
148.459452,-36.002648,6.928167,41.78015,23.69975,1647.0
148.459399,-36.00639,6.928167,41.78015,23.69975,1647.0
148.451335,-35.999862,8.269542,41.030262,23.858,1440.0
148.461854,-36.009001,6.928167,41.78015,23.69975,1647.0
148.461854,-36.009001,6.928167,41.78015,23.69975,1647.0
148.459399,-36.00639,6.928167,41.78015,23.69975,1647.0
148.459452,-36.002648,6.928167,41.78015,23.69975,1647.0
148.461854,-36.009001,6.928167,41.78015,23.69975,1647.0
148.461854,-36.009001,6.928167,41.78015,23.69975,1647.0
148.459399,-36.00639,6.928167,41.78015,23.69975,1647.0
148.459452,-36.002648,6.928167,41.78015,23.69975,1647.0
148.459452,-36.002648,6.928167,41.78015,23.69975,1647.0
148.459452,-36.002648,6.928167,41.78015,23.69975,1647.0
148.459452,-36.002648,6.928167,41.78015,23.69975,1647.0
148.461854,-36.009001,6.928167,41.78015,23.69975,1647.0
148.459452,-36.002648,6.928167,41.78015,23.69975,1647.0
148.450743,-35.999643,8.269542,41.030262,23.858,1440.0
148.459452,-36.002648,6.928167,41.78015,23.69975,1647.0
148.459452,-36.002648,6.928167,41.78015,23.69975,1647.0
148.461854,-36.009001,6.928167,41.78015,23.69975,1647.0
148.450743,-35.999643,8.269542,41.030262,23.858,1440.0
148.461854,-36.009001,6.928167,41.78015,23.69975,1647.0
148.461854,-36.009001,6.928167,41.78015,23.69975,1647.0
148.450743,-35.999643,8.269542,41.030262,23.858,1440.0
148.461854,-36.009001,6.928167,41.78015,23.69975,1647.0
148.451335,-35.999862,8.269542,41.030262,23.858,1440.0
148.450743,-35.999643,8.269542,41.030262,23.858,1440.0
148.450743,-35.999643,8.269542,41.030262,23.858,1440.0
148.461854,-36.009001,6.928167,41.78015,23.69975,1647.0
148.461854,-36.009001,6.928167,41.78015,23.69975,1647.0
148.461854,-36.009001,6.928167,41.78015,23.69975,1647.0
148.450743,-35.999643,8.269542,41.030262,23.858,1440.0
148.461854,-36.009001,6.928167,41.78015,23.69975,1647.0
148.459452,-36.002648,6.928167,41.78015,23.69975,1647.0
148.450743,-35.999643,8.269542,41.030262,23.858,1440.0
148.459452,-36.002648,6.928167,41.78015,23.69975,1647.0
148.461854,-36.009001,6.928167,41.78015,23.69975,1647.0
148.461854,-36.009001,6.928167,41.78015,23.69975,1647.0
148.450743,-35.999643,8.269542,41.030262,23.858,1440.0
148.450743,-35.999643,8.269542,41.030262,23.858,1440.0
148.450743,-35.999643,8.269542,41.030262,23.858,1440.0
148.461854,-36.009001,6.928167,41.78015,23.69975,1647.0
148.461854,-36.009001,6.928167,41.78015,23.69975,1647.0
148.461854,-36.009001,6.928167,41.78015,23.69975,1647.0
148.461854,-36.009001,6.928167,41.78015,23.69975,1647.0
148.450743,-35.999643,8.269542,41.030262,23.858,1440.0
148.450743,-35.999643,8.269542,41.030262,23.858,1440.0
147.14228,-36.98542,9.408354,40.790546,23.0895,1292.0
148.383556,-36.365017,6.881583,42.268078,23.133,1544.0
148.384034,-36.365579,6.881583,42.268078,23.133,1544.0
148.384034,-36.365579,6.881583,42.268078,23.133,1544.0
148.384034,-36.365579,6.881583,42.268078,23.133,1544.0
148.384034,-36.365579,6.881583,42.268078,23.133,1544.0
148.384034,-36.365579,6.881583,42.268078,23.133,1544.0
148.384034,-36.365579,6.881583,42.268078,23.133,1544.0
148.384034,-36.365579,6.881583,42.268078,23.133,1544.0
148.384034,-36.365579,6.881583,42.268078,23.133,1544.0
148.384034,-36.365579,6.881583,42.268078,23.133,1544.0
148.38396,-36.365174,6.881583,42.268078,23.133,1544.0
148.384034,-36.365579,6.881583,42.268078,23.133,1544.0
148.384034,-36.365579,6.881583,42.268078,23.133,1544.0
148.384034,-36.365579,6.881583,42.268078,23.133,1544.0
148.384034,-36.365579,6.881583,42.268078,23.133,1544.0
148.38396,-36.365174,6.881583,42.268078,23.133,1544.0
148.38396,-36.365174,6.881583,42.268078,23.133,1544.0
148.38396,-36.365174,6.881583,42.268078,23.133,1544.0
148.384034,-36.365579,6.881583,42.268078,23.133,1544.0
148.384034,-36.365579,6.881583,42.268078,23.133,1544.0
148.38396,-36.365174,6.881583,42.268078,23.133,1544.0
148.38396,-36.365174,6.881583,42.268078,23.133,1544.0
148.38396,-36.365174,6.881583,42.268078,23.133,1544.0
148.38396,-36.365174,6.881583,42.268078,23.133,1544.0
148.38396,-36.365174,6.881583,42.268078,23.133,1544.0
148.382837,-36.364682,6.881583,42.268078,23.133,1544.0
148.38396,-36.365174,6.881583,42.268078,23.133,1544.0
148.38396,-36.365174,6.881583,42.268078,23.133,1544.0
148.382837,-36.364682,6.881583,42.268078,23.133,1544.0
148.382837,-36.364682,6.881583,42.268078,23.133,1544.0
148.382837,-36.364682,6.881583,42.268078,23.133,1544.0
148.382837,-36.364682,6.881583,42.268078,23.133,1544.0
148.459452,-36.002648,6.928167,41.78015,23.69975,1647.0
148.450743,-35.999643,8.269542,41.030262,23.858,1440.0
148.450743,-35.999643,8.269542,41.030262,23.858,1440.0
148.459399,-36.00639,6.928167,41.78015,23.69975,1647.0
148.461854,-36.009001,6.928167,41.78015,23.69975,1647.0
148.450743,-35.999643,8.269542,41.030262,23.858,1440.0
148.461854,-36.009001,6.928167,41.78015,23.69975,1647.0
148.459452,-36.002648,6.928167,41.78015,23.69975,1647.0
148.459452,-36.002648,6.928167,41.78015,23.69975,1647.0
148.450743,-35.999643,8.269542,41.030262,23.858,1440.0
148.461727,-36.009264,6.928167,41.78015,23.69975,1647.0
148.459266,-36.005833,6.928167,41.78015,23.69975,1647.0
148.459452,-36.002648,6.928167,41.78015,23.69975,1647.0
148.459123,-36.004022,6.928167,41.78015,23.69975,1647.0
148.461089,-36.009624,6.928167,41.78015,23.69975,1647.0
148.451335,-35.999862,8.269542,41.030262,23.858,1440.0
148.461854,-36.009001,6.928167,41.78015,23.69975,1647.0
148.451335,-35.999862,8.269542,41.030262,23.858,1440.0
148.451335,-35.999862,8.269542,41.030262,23.858,1440.0
148.461089,-36.009624,6.928167,41.78015,23.69975,1647.0
148.461727,-36.009264,6.928167,41.78015,23.69975,1647.0
148.459452,-36.002648,6.928167,41.78015,23.69975,1647.0
148.461089,-36.009624,6.928167,41.78015,23.69975,1647.0
148.461854,-36.009001,6.928167,41.78015,23.69975,1647.0
148.461473,-36.009952,6.928167,41.78015,23.69975,1647.0
148.461727,-36.009264,6.928167,41.78015,23.69975,1647.0
148.461473,-36.009952,6.928167,41.78015,23.69975,1647.0
148.459452,-36.002648,6.928167,41.78015,23.69975,1647.0
148.461727,-36.009264,6.928167,41.78015,23.69975,1647.0
148.459452,-36.002648,6.928167,41.78015,23.69975,1647.0
148.461854,-36.009001,6.928167,41.78015,23.69975,1647.0
148.461727,-36.009264,6.928167,41.78015,23.69975,1647.0
148.461854,-36.009001,6.928167,41.78015,23.69975,1647.0
148.461854,-36.009001,6.928167,41.78015,23.69975,1647.0
148.461854,-36.009001,6.928167,41.78015,23.69975,1647.0
148.459452,-36.002648,6.928167,41.78015,23.69975,1647.0
148.459399,-36.00639,6.928167,41.78015,23.69975,1647.0
148.459399,-36.00639,6.928167,41.78015,23.69975,1647.0
148.459399,-36.00639,6.928167,41.78015,23.69975,1647.0
148.459399,-36.00639,6.928167,41.78015,23.69975,1647.0
148.459399,-36.00639,6.928167,41.78015,23.69975,1647.0
148.472661,-36.019732,6.928167,41.78015,23.69975,1647.0
148.459399,-36.00639,6.928167,41.78015,23.69975,1647.0
148.459399,-36.00639,6.928167,41.78015,23.69975,1647.0
148.471019,-36.004202,6.928167,41.78015,23.69975,1647.0
148.459399,-36.00639,6.928167,41.78015,23.69975,1647.0
148.459399,-36.00639,6.928167,41.78015,23.69975,1647.0
148.467196,-36.000859,6.928167,41.78015,23.69975,1647.0
148.467196,-36.000859,6.928167,41.78015,23.69975,1647.0
148.471019,-36.004202,6.928167,41.78015,23.69975,1647.0
148.467196,-36.000859,6.928167,41.78015,23.69975,1647.0
148.398003,-35.950119,8.269542,41.030262,23.858,1440.0
148.451335,-35.999862,8.269542,41.030262,23.858,1440.0
148.398003,-35.950119,8.269542,41.030262,23.858,1440.0
148.402171,-35.951305,8.269542,41.030262,23.858,1440.0
148.467196,-36.000859,6.928167,41.78015,23.69975,1647.0
148.402171,-35.951305,8.269542,41.030262,23.858,1440.0
148.398003,-35.950119,8.269542,41.030262,23.858,1440.0
148.398003,-35.950119,8.269542,41.030262,23.858,1440.0
148.398003,-35.950119,8.269542,41.030262,23.858,1440.0
148.402171,-35.951305,8.269542,41.030262,23.858,1440.0
148.402171,-35.951305,8.269542,41.030262,23.858,1440.0
148.398003,-35.950119,8.269542,41.030262,23.858,1440.0
148.402171,-35.951305,8.269542,41.030262,23.858,1440.0
148.402171,-35.951305,8.269542,41.030262,23.858,1440.0
148.398003,-35.950119,8.269542,41.030262,23.858,1440.0
148.398003,-35.950119,8.269542,41.030262,23.858,1440.0
148.402171,-35.951305,8.269542,41.030262,23.858,1440.0
148.398003,-35.950119,8.269542,41.030262,23.858,1440.0
148.398003,-35.950119,8.269542,41.030262,23.858,1440.0
148.398003,-35.950119,8.269542,41.030262,23.858,1440.0
148.398003,-35.950119,8.269542,41.030262,23.858,1440.0
148.398003,-35.950119,8.269542,41.030262,23.858,1440.0
148.398003,-35.950119,8.269542,41.030262,23.858,1440.0
148.402171,-35.951305,8.269542,41.030262,23.858,1440.0
148.402171,-35.951305,8.269542,41.030262,23.858,1440.0
148.402171,-35.951305,8.269542,41.030262,23.858,1440.0
148.398003,-35.950119,8.269542,41.030262,23.858,1440.0
148.398003,-35.950119,8.269542,41.030262,23.858,1440.0
148.398003,-35.950119,8.269542,41.030262,23.858,1440.0
148.398003,-35.950119,8.269542,41.030262,23.858,1440.0
148.398003,-35.950119,8.269542,41.030262,23.858,1440.0
148.398003,-35.950119,8.269542,41.030262,23.858,1440.0
148.398003,-35.950119,8.269542,41.030262,23.858,1440.0
148.398003,-35.950119,8.269542,41.030262,23.858,1440.0
148.398003,-35.950119,8.269542,41.030262,23.858,1440.0
148.398003,-35.950119,8.269542,41.030262,23.858,1440.0
148.398003,-35.950119,8.269542,41.030262,23.858,1440.0
148.398003,-35.950119,8.269542,41.030262,23.858,1440.0
148.398003,-35.950119,8.269542,41.030262,23.858,1440.0
148.398003,-35.950119,8.269542,41.030262,23.858,1440.0
148.398003,-35.950119,8.269542,41.030262,23.858,1440.0
148.398003,-35.950119,8.269542,41.030262,23.858,1440.0
148.402171,-35.951305,8.269542,41.030262,23.858,1440.0
148.398003,-35.950119,8.269542,41.030262,23.858,1440.0
148.398003,-35.950119,8.269542,41.030262,23.858,1440.0
148.398003,-35.950119,8.269542,41.030262,23.858,1440.0
148.402171,-35.951305,8.269542,41.030262,23.858,1440.0
148.402171,-35.951305,8.269542,41.030262,23.858,1440.0
148.398037,-35.950794,8.269542,41.030262,23.858,1440.0
148.398003,-35.950119,8.269542,41.030262,23.858,1440.0
148.398037,-35.950794,8.269542,41.030262,23.858,1440.0
148.398037,-35.950794,8.269542,41.030262,23.858,1440.0
148.398003,-35.950119,8.269542,41.030262,23.858,1440.0
148.398003,-35.950119,8.269542,41.030262,23.858,1440.0
148.398037,-35.950794,8.269542,41.030262,23.858,1440.0
148.459452,-36.002648,6.928167,41.78015,23.69975,1647.0
148.459452,-36.002648,6.928167,41.78015,23.69975,1647.0
148.459452,-36.002648,6.928167,41.78015,23.69975,1647.0
148.451335,-35.999862,8.269542,41.030262,23.858,1440.0
148.459452,-36.002648,6.928167,41.78015,23.69975,1647.0
148.459399,-36.00639,6.928167,41.78015,23.69975,1647.0
148.459452,-36.002648,6.928167,41.78015,23.69975,1647.0
148.459399,-36.00639,6.928167,41.78015,23.69975,1647.0
148.459399,-36.00639,6.928167,41.78015,23.69975,1647.0
148.451335,-35.999862,8.269542,41.030262,23.858,1440.0
148.459399,-36.00639,6.928167,41.78015,23.69975,1647.0
148.459399,-36.00639,6.928167,41.78015,23.69975,1647.0
148.461854,-36.009001,6.928167,41.78015,23.69975,1647.0
148.459399,-36.00639,6.928167,41.78015,23.69975,1647.0
148.459399,-36.00639,6.928167,41.78015,23.69975,1647.0
148.459399,-36.00639,6.928167,41.78015,23.69975,1647.0
148.459399,-36.00639,6.928167,41.78015,23.69975,1647.0
148.461854,-36.009001,6.928167,41.78015,23.69975,1647.0
148.459399,-36.00639,6.928167,41.78015,23.69975,1647.0
148.459357,-36.00173,6.928167,41.78015,23.69975,1647.0
148.461854,-36.009001,6.928167,41.78015,23.69975,1647.0
148.461854,-36.009001,6.928167,41.78015,23.69975,1647.0
148.459357,-36.00173,6.928167,41.78015,23.69975,1647.0
148.459399,-36.00639,6.928167,41.78015,23.69975,1647.0
148.459357,-36.00173,6.928167,41.78015,23.69975,1647.0
148.459452,-36.002648,6.928167,41.78015,23.69975,1647.0
148.461854,-36.009001,6.928167,41.78015,23.69975,1647.0
148.461854,-36.009001,6.928167,41.78015,23.69975,1647.0
148.461854,-36.009001,6.928167,41.78015,23.69975,1647.0
148.459357,-36.00173,6.928167,41.78015,23.69975,1647.0
148.461854,-36.009001,6.928167,41.78015,23.69975,1647.0
148.459399,-36.00639,6.928167,41.78015,23.69975,1647.0
148.461854,-36.009001,6.928167,41.78015,23.69975,1647.0
148.461854,-36.009001,6.928167,41.78015,23.69975,1647.0
148.461854,-36.009001,6.928167,41.78015,23.69975,1647.0
148.455512,-35.999559,8.269542,41.030262,23.858,1440.0
148.461854,-36.009001,6.928167,41.78015,23.69975,1647.0
148.459266,-36.005833,6.928167,41.78015,23.69975,1647.0
148.459266,-36.005833,6.928167,41.78015,23.69975,1647.0
148.461854,-36.009001,6.928167,41.78015,23.69975,1647.0
148.459266,-36.005833,6.928167,41.78015,23.69975,1647.0
148.459452,-36.002648,6.928167,41.78015,23.69975,1647.0
148.459452,-36.002648,6.928167,41.78015,23.69975,1647.0
148.455512,-35.999559,8.269542,41.030262,23.858,1440.0
148.4587,-35.99677,8.269542,41.030262,23.858,1440.0
148.455512,-35.999559,8.269542,41.030262,23.858,1440.0
148.461854,-36.009001,6.928167,41.78015,23.69975,1647.0
148.455512,-35.999559,8.269542,41.030262,23.858,1440.0
148.459452,-36.002648,6.928167,41.78015,23.69975,1647.0
148.459452,-36.002648,6.928167,41.78015,23.69975,1647.0
148.459452,-36.002648,6.928167,41.78015,23.69975,1647.0
148.459452,-36.002648,6.928167,41.78015,23.69975,1647.0
148.214924,-36.421454,7.8357186,41.597527,23.50275,1500.0
148.451335,-35.999862,8.269542,41.030262,23.858,1440.0
148.451335,-35.999862,8.269542,41.030262,23.858,1440.0
148.452273,-36.001996,6.928167,41.78015,23.69975,1647.0
148.39239,-35.951825,8.269542,41.030262,23.858,1440.0
148.40889,-36.006805,6.928167,41.78015,23.69975,1647.0
148.392241,-35.951583,8.269542,41.030262,23.858,1440.0
148.39239,-35.951825,8.269542,41.030262,23.858,1440.0
148.40889,-36.006805,6.928167,41.78015,23.69975,1647.0
148.40889,-36.006805,6.928167,41.78015,23.69975,1647.0
148.392241,-35.951583,8.269542,41.030262,23.858,1440.0
148.392241,-35.951583,8.269542,41.030262,23.858,1440.0
148.392241,-35.951583,8.269542,41.030262,23.858,1440.0
148.39239,-35.951825,8.269542,41.030262,23.858,1440.0
148.392241,-35.951583,8.269542,41.030262,23.858,1440.0
148.39239,-35.951825,8.269542,41.030262,23.858,1440.0
148.392241,-35.951583,8.269542,41.030262,23.858,1440.0
148.39239,-35.951825,8.269542,41.030262,23.858,1440.0
148.392241,-35.951583,8.269542,41.030262,23.858,1440.0
148.40889,-36.006805,6.928167,41.78015,23.69975,1647.0
148.40889,-36.006805,6.928167,41.78015,23.69975,1647.0
148.392241,-35.951583,8.269542,41.030262,23.858,1440.0
148.40889,-36.006805,6.928167,41.78015,23.69975,1647.0
148.40889,-36.006805,6.928167,41.78015,23.69975,1647.0
147.1,-37.0,9.408354,40.790546,23.0895,1292.0
147.21794,-36.89708,6.8537397,39.09556,22.146751,1519.0
147.21794,-36.89708,6.8537397,39.09556,22.146751,1519.0
147.21794,-36.89708,6.8537397,39.09556,22.146751,1519.0
147.21794,-36.89708,6.8537397,39.09556,22.146751,1519.0
147.16132,-36.95475,9.408354,40.790546,23.0895,1292.0
147.16132,-36.95475,9.408354,40.790546,23.0895,1292.0
147.15127,-36.98451,9.408354,40.790546,23.0895,1292.0
146.42645,-37.14097,9.628083,40.316017,22.47225,1353.0
147.16359,-36.96376,9.408354,40.790546,23.0895,1292.0
147.15127,-36.98451,9.408354,40.790546,23.0895,1292.0
147.16359,-36.96376,9.408354,40.790546,23.0895,1292.0
146.43651,-37.15184,9.628083,40.316017,22.47225,1353.0
147.16132,-36.95475,9.408354,40.790546,23.0895,1292.0
146.42415,-37.14727,9.628083,40.316017,22.47225,1353.0
146.43651,-37.15184,9.628083,40.316017,22.47225,1353.0
147.15127,-36.98451,9.408354,40.790546,23.0895,1292.0
146.42415,-37.14727,9.628083,40.316017,22.47225,1353.0
147.1524,-36.98631,9.408354,40.790546,23.0895,1292.0
146.43875,-37.15365,9.628083,40.316017,22.47225,1353.0
146.43427,-37.15002,9.628083,40.316017,22.47225,1353.0
146.42415,-37.14727,9.628083,40.316017,22.47225,1353.0
146.44102,-37.15096,9.628083,40.316017,22.47225,1353.0
146.44102,-37.15096,9.628083,40.316017,22.47225,1353.0
146.43651,-37.15184,9.628083,40.316017,22.47225,1353.0
146.42972,-37.15541,9.628083,40.316017,22.47225,1353.0
147.22072,-36.9568,6.8537397,39.09556,22.146751,1519.0
147.26793,-36.79985,9.479864,41.633244,23.43775,1303.0
147.22072,-36.9568,6.8537397,39.09556,22.146751,1519.0
147.14072,-36.98597,9.408354,40.790546,23.0895,1292.0
147.24238,-36.87569,6.8537397,39.09556,22.146751,1519.0
147.16359,-36.96376,9.408354,40.790546,23.0895,1292.0
147.16359,-36.96376,9.408354,40.790546,23.0895,1292.0
147.15794,-36.99124,9.408354,40.790546,23.0895,1292.0
147.24238,-36.87569,6.8537397,39.09556,22.146751,1519.0
147.15794,-36.99124,9.408354,40.790546,23.0895,1292.0
147.15794,-36.99124,9.408354,40.790546,23.0895,1292.0
147.15738,-36.95541,9.408354,40.790546,23.0895,1292.0
147.15294,-36.95708,9.408354,40.790546,23.0895,1292.0
147.15738,-36.95541,9.408354,40.790546,23.0895,1292.0
147.26793,-36.79985,9.479864,41.633244,23.43775,1303.0
147.14072,-36.98597,9.408354,40.790546,23.0895,1292.0
147.15294,-36.95708,9.408354,40.790546,23.0895,1292.0
147.14405,-36.98374,9.408354,40.790546,23.0895,1292.0
147.15794,-36.99124,9.408354,40.790546,23.0895,1292.0
147.14405,-36.98374,9.408354,40.790546,23.0895,1292.0
147.22086,-36.95646,6.8537397,39.09556,22.146751,1519.0
147.24307,-36.87528,6.8537397,39.09556,22.146751,1519.0
147.24307,-36.87528,6.8537397,39.09556,22.146751,1519.0
147.22086,-36.95646,6.8537397,39.09556,22.146751,1519.0
147.24307,-36.87528,6.8537397,39.09556,22.146751,1519.0
147.24307,-36.87528,6.8537397,39.09556,22.146751,1519.0
147.15795,-36.95475,9.408354,40.790546,23.0895,1292.0
147.22086,-36.95646,6.8537397,39.09556,22.146751,1519.0
147.22086,-36.95646,6.8537397,39.09556,22.146751,1519.0
147.24307,-36.87528,6.8537397,39.09556,22.146751,1519.0
147.15795,-36.95475,9.408354,40.790546,23.0895,1292.0
147.24307,-36.87528,6.8537397,39.09556,22.146751,1519.0
147.22086,-36.95646,6.8537397,39.09556,22.146751,1519.0
147.15795,-36.95475,9.408354,40.790546,23.0895,1292.0
147.15795,-36.95475,9.408354,40.790546,23.0895,1292.0
146.43651,-37.15184,9.628083,40.316017,22.47225,1353.0
146.42415,-37.14727,9.628083,40.316017,22.47225,1353.0
146.42415,-37.14727,9.628083,40.316017,22.47225,1353.0
146.43651,-37.15184,9.628083,40.316017,22.47225,1353.0
146.43651,-37.15184,9.628083,40.316017,22.47225,1353.0
147.22086,-36.95646,6.8537397,39.09556,22.146751,1519.0
147.15795,-36.95475,9.408354,40.790546,23.0895,1292.0
147.31095,-36.7372,9.479864,41.633244,23.43775,1303.0
147.15795,-36.95475,9.408354,40.790546,23.0895,1292.0
147.22086,-36.95646,6.8537397,39.09556,22.146751,1519.0
147.31095,-36.7372,9.479864,41.633244,23.43775,1303.0
147.15795,-36.95475,9.408354,40.790546,23.0895,1292.0
147.15795,-36.95475,9.408354,40.790546,23.0895,1292.0
147.29977,-36.74174,9.479864,41.633244,23.43775,1303.0
147.31095,-36.7372,9.479864,41.633244,23.43775,1303.0
147.24307,-36.87528,6.8537397,39.09556,22.146751,1519.0
147.24307,-36.87528,6.8537397,39.09556,22.146751,1519.0
147.24307,-36.87528,6.8537397,39.09556,22.146751,1519.0
147.22086,-36.95646,6.8537397,39.09556,22.146751,1519.0
147.29977,-36.74174,9.479864,41.633244,23.43775,1303.0
147.24307,-36.87528,6.8537397,39.09556,22.146751,1519.0
147.31095,-36.7372,9.479864,41.633244,23.43775,1303.0
146.43086,-37.15361,9.628083,40.316017,22.47225,1353.0
147.24307,-36.87528,6.8537397,39.09556,22.146751,1519.0
147.24307,-36.87528,6.8537397,39.09556,22.146751,1519.0
147.22086,-36.95646,6.8537397,39.09556,22.146751,1519.0
147.22086,-36.95646,6.8537397,39.09556,22.146751,1519.0
147.22086,-36.95646,6.8537397,39.09556,22.146751,1519.0
147.24307,-36.87528,6.8537397,39.09556,22.146751,1519.0
147.22086,-36.95646,6.8537397,39.09556,22.146751,1519.0
147.22086,-36.95646,6.8537397,39.09556,22.146751,1519.0
147.24307,-36.87528,6.8537397,39.09556,22.146751,1519.0
147.24307,-36.87528,6.8537397,39.09556,22.146751,1519.0
147.24307,-36.87528,6.8537397,39.09556,22.146751,1519.0
147.24307,-36.87528,6.8537397,39.09556,22.146751,1519.0
,,,,,
,,,,,
,,,,,
,,,,,
,,,,,
,,,,,
,,,,,
,,,,,
,,,,,
,,,,,
,,,,,
,,,,,
,,,,,
,,,,,
,,,,,
,,,,,
,,,,,
,,,,,
,,,,,
,,,,,
,,,,,
,,,,,
,,,,,
,,,,,
,,,,,
,,,,,
,,,,,
,,,,,
,,,,,
,,,,,
,,,,,
,,,,,
,,,,,
,,,,,
,,,,,
,,,,,
,,,,,
,,,,,
,,,,,
,,,,,
,,,,,
,,,,,
,,,,,
,,,,,
,,,,,
,,,,,
,,,,,
,,,,,
,,,,,
,,,,,
,,,,,
,,,,,
,,,,,
,,,,,
,,,,,
,,,,,
,,,,,
,,,,,
,,,,,
,,,,,
,,,,,
,,,,,
,,,,,
,,,,,
,,,,,
,,,,,
,,,,,
,,,,,
,,,,,
,,,,,
,,,,,
,,,,,
147.19948,-36.94297,6.8537397,39.09556,22.146751,1519.0
147.31095,-36.7372,9.479864,41.633244,23.43775,1303.0
147.31095,-36.7372,9.479864,41.633244,23.43775,1303.0
147.21844,-36.89697,6.8537397,39.09556,22.146751,1519.0
147.21844,-36.89697,6.8537397,39.09556,22.146751,1519.0
147.2208,-36.93572,6.8537397,39.09556,22.146751,1519.0
147.2208,-36.93572,6.8537397,39.09556,22.146751,1519.0
146.44102,-37.15096,9.628083,40.316017,22.47225,1353.0
146.43875,-37.15365,9.628083,40.316017,22.47225,1353.0
146.43651,-37.15184,9.628083,40.316017,22.47225,1353.0
146.42415,-37.14727,9.628083,40.316017,22.47225,1353.0
146.42645,-37.14097,9.628083,40.316017,22.47225,1353.0
146.43651,-37.15184,9.628083,40.316017,22.47225,1353.0
147.19262,-36.89521,6.8537397,39.09556,22.146751,1519.0
146.43651,-37.15184,9.628083,40.316017,22.47225,1353.0
146.42645,-37.14097,9.628083,40.316017,22.47225,1353.0
146.42415,-37.14727,9.628083,40.316017,22.47225,1353.0
147.19262,-36.89521,6.8537397,39.09556,22.146751,1519.0
,,,,,
,,,,,
,,,,,
,,,,,
147.22086,-36.95646,6.8537397,39.09556,22.146751,1519.0
147.22086,-36.95646,6.8537397,39.09556,22.146751,1519.0
147.24307,-36.87528,6.8537397,39.09556,22.146751,1519.0
146.44102,-37.15096,9.628083,40.316017,22.47225,1353.0
147.15803,-36.99081,9.408354,40.790546,23.0895,1292.0
146.43208,-37.1419,9.628083,40.316017,22.47225,1353.0
147.14116,-36.98542,9.408354,40.790546,23.0895,1292.0
146.43651,-37.15184,9.628083,40.316017,22.47225,1353.0
146.43208,-37.1419,9.628083,40.316017,22.47225,1353.0
146.42415,-37.14727,9.628083,40.316017,22.47225,1353.0
146.44102,-37.15096,9.628083,40.316017,22.47225,1353.0
146.44446,-37.14286,9.628083,40.316017,22.47225,1353.0
146.41855,-37.14454,9.628083,40.316017,22.47225,1353.0
147.15803,-36.99081,9.408354,40.790546,23.0895,1292.0
146.42415,-37.14727,9.628083,40.316017,22.47225,1353.0
147.2208,-36.93572,6.8537397,39.09556,22.146751,1519.0
147.2208,-36.93572,6.8537397,39.09556,22.146751,1519.0
147.14116,-36.98542,9.408354,40.790546,23.0895,1292.0
147.24307,-36.87528,6.8537397,39.09556,22.146751,1519.0
146.44446,-37.14286,9.628083,40.316017,22.47225,1353.0
147.14453,-36.98362,9.408354,40.790546,23.0895,1292.0
147.15803,-36.99081,9.408354,40.790546,23.0895,1292.0
147.14453,-36.98362,9.408354,40.790546,23.0895,1292.0
147.23746,-36.87529,6.8537397,39.09556,22.146751,1519.0
147.15346,-36.95656,9.408354,40.790546,23.0895,1292.0
147.15795,-36.95475,9.408354,40.790546,23.0895,1292.0
147.15795,-36.95475,9.408354,40.790546,23.0895,1292.0
147.31943,-36.89043,6.8537397,39.09556,22.146751,1519.0
147.15803,-36.99081,9.408354,40.790546,23.0895,1292.0
147.22086,-36.95646,6.8537397,39.09556,22.146751,1519.0
147.31943,-36.89043,6.8537397,39.09556,22.146751,1519.0
147.16021,-36.96016,9.408354,40.790546,23.0895,1292.0
147.24307,-36.87528,6.8537397,39.09556,22.146751,1519.0
147.16021,-36.96016,9.408354,40.790546,23.0895,1292.0
147.24307,-36.87528,6.8537397,39.09556,22.146751,1519.0
147.261,-36.87074,6.8537397,39.09556,22.146751,1519.0
147.26861,-36.7995,9.479864,41.633244,23.43775,1303.0
147.26861,-36.7995,9.479864,41.633244,23.43775,1303.0
147.31943,-36.89043,6.8537397,39.09556,22.146751,1519.0
147.21844,-36.89697,6.8537397,39.09556,22.146751,1519.0
147.15346,-36.95656,9.408354,40.790546,23.0895,1292.0
147.21844,-36.89697,6.8537397,39.09556,22.146751,1519.0
147.22086,-36.95646,6.8537397,39.09556,22.146751,1519.0
147.21844,-36.89697,6.8537397,39.09556,22.146751,1519.0
147.23746,-36.87529,6.8537397,39.09556,22.146751,1519.0
147.261,-36.87074,6.8537397,39.09556,22.146751,1519.0
147.26861,-36.7995,9.479864,41.633244,23.43775,1303.0
147.26861,-36.7995,9.479864,41.633244,23.43775,1303.0
147.26861,-36.7995,9.479864,41.633244,23.43775,1303.0
147.24307,-36.87528,6.8537397,39.09556,22.146751,1519.0
147.26861,-36.7995,9.479864,41.633244,23.43775,1303.0
147.2208,-36.93572,6.8537397,39.09556,22.146751,1519.0
147.26861,-36.7995,9.479864,41.633244,23.43775,1303.0
147.26861,-36.7995,9.479864,41.633244,23.43775,1303.0
147.14565,-36.98362,9.408354,40.790546,23.0895,1292.0
147.14116,-36.98542,9.408354,40.790546,23.0895,1292.0
147.14565,-36.98362,9.408354,40.790546,23.0895,1292.0
147.2208,-36.93572,6.8537397,39.09556,22.146751,1519.0
147.14453,-36.98362,9.408354,40.790546,23.0895,1292.0
147.14453,-36.98362,9.408354,40.790546,23.0895,1292.0
147.14116,-36.98542,9.408354,40.790546,23.0895,1292.0
147.31943,-36.89043,6.8537397,39.09556,22.146751,1519.0
147.14116,-36.98542,9.408354,40.790546,23.0895,1292.0
147.21842,-36.89066,6.8537397,39.09556,22.146751,1519.0
147.15803,-36.99081,9.408354,40.790546,23.0895,1292.0
147.21842,-36.89066,6.8537397,39.09556,22.146751,1519.0
147.14565,-36.98362,9.408354,40.790546,23.0895,1292.0
147.15803,-36.99081,9.408354,40.790546,23.0895,1292.0
147.24307,-36.87528,6.8537397,39.09556,22.146751,1519.0
147.31943,-36.89043,6.8537397,39.09556,22.146751,1519.0
147.31943,-36.89043,6.8537397,39.09556,22.146751,1519.0
147.21842,-36.89066,6.8537397,39.09556,22.146751,1519.0
147.15794,-36.94485,9.408354,40.790546,23.0895,1292.0
147.15794,-36.94485,9.408354,40.790546,23.0895,1292.0
147.15794,-36.94485,9.408354,40.790546,23.0895,1292.0
147.15795,-36.9548,9.408354,40.790546,23.0895,1292.0
147.15795,-36.9548,9.408354,40.790546,23.0895,1292.0
147.14116,-36.98542,9.408354,40.790546,23.0895,1292.0
146.43651,-37.15184,9.628083,40.316017,22.47225,1353.0
146.43651,-37.15184,9.628083,40.316017,22.47225,1353.0
146.42415,-37.14727,9.628083,40.316017,22.47225,1353.0
147.15803,-36.99081,9.408354,40.790546,23.0895,1292.0
147.15346,-36.95656,9.408354,40.790546,23.0895,1292.0
146.43427,-37.15002,9.628083,40.316017,22.47225,1353.0
147.14565,-36.98362,9.408354,40.790546,23.0895,1292.0
147.14116,-36.98542,9.408354,40.790546,23.0895,1292.0
147.14565,-36.98362,9.408354,40.790546,23.0895,1292.0
147.14453,-36.98362,9.408354,40.790546,23.0895,1292.0
147.15803,-36.99081,9.408354,40.790546,23.0895,1292.0
147.14453,-36.98362,9.408354,40.790546,23.0895,1292.0
,,,,,
,,,,,
,,,,,
,,,,,
,,,,,
,,,,,
,,,,,
,,,,,
,,,,,
,,,,,
,,,,,
,,,,,
,,,,,
,,,,,
,,,,,
,,,,,
,,,,,
,,,,,
,,,,,
,,,,,
,,,,,
,,,,,
,,,,,
,,,,,
,,,,,
,,,,,
,,,,,
,,,,,
,,,,,
,,,,,
,,,,,
,,,,,
,,,,,
,,,,,
,,,,,
,,,,,
,,,,,
,,,,,
,,,,,
,,,,,
,,,,,
,,,,,
,,,,,
,,,,,
,,,,,
,,,,,
,,,,,
,,,,,
,,,,,
,,,,,
147.2208,-36.93572,6.8537397,39.09556,22.146751,1519.0
147.31943,-36.89043,6.8537397,39.09556,22.146751,1519.0
147.24307,-36.87528,6.8537397,39.09556,22.146751,1519.0
147.2208,-36.93572,6.8537397,39.09556,22.146751,1519.0
147.24307,-36.87528,6.8537397,39.09556,22.146751,1519.0
147.261,-36.87074,6.8537397,39.09556,22.146751,1519.0
147.26861,-36.7995,9.479864,41.633244,23.43775,1303.0
147.26861,-36.7995,9.479864,41.633244,23.43775,1303.0
147.261,-36.87074,6.8537397,39.09556,22.146751,1519.0
147.15833,-36.95833,9.408354,40.790546,23.0895,1292.0
147.15833,-36.95833,9.408354,40.790546,23.0895,1292.0
147.2208,-36.93572,6.8537397,39.09556,22.146751,1519.0
147.2208,-36.93572,6.8537397,39.09556,22.146751,1519.0
147.2208,-36.93572,6.8537397,39.09556,22.146751,1519.0
147.2208,-36.93572,6.8537397,39.09556,22.146751,1519.0
147.21844,-36.89697,6.8537397,39.09556,22.146751,1519.0
147.21844,-36.89697,6.8537397,39.09556,22.146751,1519.0
147.2621,-36.86172,6.8537397,39.09556,22.146751,1519.0
146.43651,-37.15184,9.628083,40.316017,22.47225,1353.0
146.43427,-37.15002,9.628083,40.316017,22.47225,1353.0
146.43651,-37.15184,9.628083,40.316017,22.47225,1353.0
146.43875,-37.15365,9.628083,40.316017,22.47225,1353.0
146.43875,-37.15365,9.628083,40.316017,22.47225,1353.0
147.15346,-36.95656,9.408354,40.790546,23.0895,1292.0
147.14116,-36.98542,9.408354,40.790546,23.0895,1292.0
147.15346,-36.95656,9.408354,40.790546,23.0895,1292.0
147.15795,-36.9548,9.408354,40.790546,23.0895,1292.0
147.14565,-36.98362,9.408354,40.790546,23.0895,1292.0
146.42415,-37.14727,9.628083,40.316017,22.47225,1353.0
147.14116,-36.98542,9.408354,40.790546,23.0895,1292.0
147.14453,-36.98362,9.408354,40.790546,23.0895,1292.0
147.15795,-36.9548,9.408354,40.790546,23.0895,1292.0
147.14565,-36.98362,9.408354,40.790546,23.0895,1292.0
147.14453,-36.98362,9.408354,40.790546,23.0895,1292.0
146.42415,-37.14727,9.628083,40.316017,22.47225,1353.0
147.24307,-36.87528,6.8537397,39.09556,22.146751,1519.0
147.24307,-36.87528,6.8537397,39.09556,22.146751,1519.0
147.15833,-36.95833,9.408354,40.790546,23.0895,1292.0
147.15833,-36.95833,9.408354,40.790546,23.0895,1292.0
148.3,-36.45,7.8357186,41.597527,23.50275,1500.0
148.3,-36.45,7.8357186,41.597527,23.50275,1500.0
148.3,-36.45,7.8357186,41.597527,23.50275,1500.0
147.21743,-36.93573,6.8537397,39.09556,22.146751,1519.0
147.24306,-36.87438,6.8537397,39.09556,22.146751,1519.0
147.21743,-36.93573,6.8537397,39.09556,22.146751,1519.0
147.21743,-36.93573,6.8537397,39.09556,22.146751,1519.0
147.30588,-36.87063,6.8537397,39.09556,22.146751,1519.0
148.379073,-36.404038,6.881583,42.268078,23.133,1544.0
148.379073,-36.404038,6.881583,42.268078,23.133,1544.0
148.259073,-36.422933,7.8357186,41.597527,23.50275,1500.0
148.25911,-36.420355,7.8357186,41.597527,23.50275,1500.0
148.259073,-36.422933,7.8357186,41.597527,23.50275,1500.0
148.387704,-36.373929,6.881583,42.268078,23.133,1544.0
148.25911,-36.420355,7.8357186,41.597527,23.50275,1500.0
148.259073,-36.422933,7.8357186,41.597527,23.50275,1500.0
148.382967,-36.378365,6.881583,42.268078,23.133,1544.0
148.387704,-36.373929,6.881583,42.268078,23.133,1544.0
148.259073,-36.422933,7.8357186,41.597527,23.50275,1500.0
148.391682,-36.373215,6.881583,42.268078,23.133,1544.0
147.24317,-36.90773,6.8537397,39.09556,22.146751,1519.0
147.14228,-36.98542,9.408354,40.790546,23.0895,1292.0
147.15803,-36.99081,9.408354,40.790546,23.0895,1292.0
147.14565,-36.98362,9.408354,40.790546,23.0895,1292.0
147.14228,-36.98542,9.408354,40.790546,23.0895,1292.0
147.14565,-36.98362,9.408354,40.790546,23.0895,1292.0
147.15795,-36.9548,9.408354,40.790546,23.0895,1292.0
147.15795,-36.9548,9.408354,40.790546,23.0895,1292.0
147.15346,-36.95656,9.408354,40.790546,23.0895,1292.0
147.14453,-36.98362,9.408354,40.790546,23.0895,1292.0
147.15803,-36.99081,9.408354,40.790546,23.0895,1292.0
147.14453,-36.98362,9.408354,40.790546,23.0895,1292.0
148.368407,-36.413914,6.881583,42.268078,23.133,1544.0
148.394798,-36.283573,6.1706977,41.119827,23.4645,1692.0
148.395543,-36.379661,6.881583,42.268078,23.133,1544.0
148.392092,-36.304852,6.1706977,41.119827,23.4645,1692.0
148.378305,-36.413602,6.881583,42.268078,23.133,1544.0
148.37793,-36.411948,6.881583,42.268078,23.133,1544.0
148.333783,-36.432552,6.881583,42.268078,23.133,1544.0
148.368407,-36.413914,6.881583,42.268078,23.133,1544.0
148.390551,-36.30213,6.1706977,41.119827,23.4645,1692.0
148.311216,-36.446576,7.8357186,41.597527,23.50275,1500.0
148.39675,-36.381747,6.881583,42.268078,23.133,1544.0
148.390551,-36.30213,6.1706977,41.119827,23.4645,1692.0
148.397787,-36.379851,6.881583,42.268078,23.133,1544.0
148.37793,-36.411948,6.881583,42.268078,23.133,1544.0
148.395621,-36.286016,6.1706977,41.119827,23.4645,1692.0
148.39137,-36.303689,6.1706977,41.119827,23.4645,1692.0
148.310064,-36.448374,7.8357186,41.597527,23.50275,1500.0
148.31284,-36.444927,7.8357186,41.597527,23.50275,1500.0
148.394749,-36.284565,6.1706977,41.119827,23.4645,1692.0
148.394749,-36.284565,6.1706977,41.119827,23.4645,1692.0
148.311216,-36.446576,7.8357186,41.597527,23.50275,1500.0
148.378305,-36.413602,6.881583,42.268078,23.133,1544.0
148.395543,-36.379661,6.881583,42.268078,23.133,1544.0
148.39675,-36.381747,6.881583,42.268078,23.133,1544.0
148.310064,-36.448374,7.8357186,41.597527,23.50275,1500.0
148.333783,-36.432552,6.881583,42.268078,23.133,1544.0
148.394798,-36.283573,6.1706977,41.119827,23.4645,1692.0
147.24307,-36.87528,6.8537397,39.09556,22.146751,1519.0
147.24307,-36.87528,6.8537397,39.09556,22.146751,1519.0
148.393707,-36.37924,6.881583,42.268078,23.133,1544.0
148.400611,-36.276726,6.1706977,41.119827,23.4645,1692.0
148.400611,-36.276726,6.1706977,41.119827,23.4645,1692.0
148.393707,-36.37924,6.881583,42.268078,23.133,1544.0
148.328025,-36.437709,7.8357186,41.597527,23.50275,1500.0
148.328025,-36.437709,7.8357186,41.597527,23.50275,1500.0
147.24167,-36.90833,6.8537397,39.09556,22.146751,1519.0
147.15833,-36.95833,9.408354,40.790546,23.0895,1292.0
147.15833,-36.95833,9.408354,40.790546,23.0895,1292.0
147.21844,-36.89697,6.8537397,39.09556,22.146751,1519.0
147.21844,-36.89697,6.8537397,39.09556,22.146751,1519.0
147.24194,-36.87528,6.8537397,39.09556,22.146751,1519.0
147.31943,-36.89043,6.8537397,39.09556,22.146751,1519.0
147.31943,-36.89043,6.8537397,39.09556,22.146751,1519.0
147.24194,-36.87528,6.8537397,39.09556,22.146751,1519.0
147.2208,-36.93572,6.8537397,39.09556,22.146751,1519.0
147.2208,-36.93572,6.8537397,39.09556,22.146751,1519.0
147.15795,-36.9548,9.408354,40.790546,23.0895,1292.0
147.15234,-36.95656,9.408354,40.790546,23.0895,1292.0
147.15795,-36.9548,9.408354,40.790546,23.0895,1292.0
147.16021,-36.96016,9.408354,40.790546,23.0895,1292.0
147.16021,-36.96016,9.408354,40.790546,23.0895,1292.0
147.14114,-36.97461,9.408354,40.790546,23.0895,1292.0
147.15,-36.95,9.408354,40.790546,23.0895,1292.0
147.15,-36.95,9.408354,40.790546,23.0895,1292.0
148.25911,-36.420355,7.8357186,41.597527,23.50275,1500.0
148.310064,-36.448374,7.8357186,41.597527,23.50275,1500.0
148.31284,-36.444927,7.8357186,41.597527,23.50275,1500.0
148.311216,-36.446576,7.8357186,41.597527,23.50275,1500.0
148.310064,-36.448374,7.8357186,41.597527,23.50275,1500.0
148.259073,-36.422933,7.8357186,41.597527,23.50275,1500.0
148.31284,-36.444927,7.8357186,41.597527,23.50275,1500.0
148.397787,-36.379851,6.881583,42.268078,23.133,1544.0
148.377673,-36.418261,6.881583,42.268078,23.133,1544.0
148.378305,-36.413602,6.881583,42.268078,23.133,1544.0
148.311216,-36.446576,7.8357186,41.597527,23.50275,1500.0
148.25911,-36.420355,7.8357186,41.597527,23.50275,1500.0
148.397787,-36.379851,6.881583,42.268078,23.133,1544.0
148.39675,-36.381747,6.881583,42.268078,23.133,1544.0
148.368407,-36.413914,6.881583,42.268078,23.133,1544.0
148.259073,-36.422933,7.8357186,41.597527,23.50275,1500.0
148.307214,-36.452732,7.8357186,41.597527,23.50275,1500.0
148.37793,-36.411948,6.881583,42.268078,23.133,1544.0
148.333783,-36.432552,6.881583,42.268078,23.133,1544.0
148.333783,-36.432552,6.881583,42.268078,23.133,1544.0
148.377673,-36.418261,6.881583,42.268078,23.133,1544.0
148.395543,-36.379661,6.881583,42.268078,23.133,1544.0
148.37793,-36.411948,6.881583,42.268078,23.133,1544.0
148.378305,-36.413602,6.881583,42.268078,23.133,1544.0
148.368407,-36.413914,6.881583,42.268078,23.133,1544.0
147.15,-36.95,9.408354,40.790546,23.0895,1292.0
148.33423,-36.435224,6.881583,42.268078,23.133,1544.0
148.393707,-36.37924,6.881583,42.268078,23.133,1544.0
148.398438,-36.382602,6.881583,42.268078,23.133,1544.0
148.398438,-36.382602,6.881583,42.268078,23.133,1544.0
148.401606,-36.380816,6.881583,42.268078,23.133,1544.0
148.238503,-36.485295,7.8357186,41.597527,23.50275,1500.0
148.388428,-36.383944,6.881583,42.268078,23.133,1544.0
148.33423,-36.435224,6.881583,42.268078,23.133,1544.0
148.398438,-36.382602,6.881583,42.268078,23.133,1544.0
148.238503,-36.485295,7.8357186,41.597527,23.50275,1500.0
148.393707,-36.37924,6.881583,42.268078,23.133,1544.0
148.236425,-36.479547,7.8357186,41.597527,23.50275,1500.0
148.398438,-36.382602,6.881583,42.268078,23.133,1544.0
148.401606,-36.380816,6.881583,42.268078,23.133,1544.0
148.388428,-36.383944,6.881583,42.268078,23.133,1544.0
147.24307,-36.87618,6.8537397,39.09556,22.146751,1519.0
,,,,,
,,,,,
,,,,,
,,,,,
,,,,,
,,,,,
,,,,,
,,,,,
,,,,,
,,,,,
,,,,,
,,,,,
,,,,,
,,,,,
,,,,,
,,,,,
,,,,,
,,,,,
,,,,,
,,,,,
,,,,,
,,,,,
,,,,,
,,,,,
,,,,,
,,,,,
,,,,,
,,,,,
,,,,,
,,,,,
148.352784,-36.405096,6.881583,42.268078,23.133,1544.0
148.352784,-36.405096,6.881583,42.268078,23.133,1544.0
148.352784,-36.405096,6.881583,42.268078,23.133,1544.0
148.395621,-36.286016,6.1706977,41.119827,23.4645,1692.0
148.280725,-36.492223,7.8357186,41.597527,23.50275,1500.0
148.259489,-36.490719,7.8357186,41.597527,23.50275,1500.0
148.252345,-36.511617,8.001604,41.846535,22.85225,1368.0
148.353946,-36.40392,6.881583,42.268078,23.133,1544.0
148.390551,-36.30213,6.1706977,41.119827,23.4645,1692.0
148.353946,-36.40392,6.881583,42.268078,23.133,1544.0
148.390551,-36.30213,6.1706977,41.119827,23.4645,1692.0
148.392092,-36.304852,6.1706977,41.119827,23.4645,1692.0
148.259489,-36.490719,7.8357186,41.597527,23.50275,1500.0
148.352784,-36.405096,6.881583,42.268078,23.133,1544.0
148.395475,-36.287802,6.1706977,41.119827,23.4645,1692.0
146.43875,-37.15365,9.628083,40.316017,22.47225,1353.0
146.43876,-37.15185,9.628083,40.316017,22.47225,1353.0
146.43876,-37.15185,9.628083,40.316017,22.47225,1353.0
146.43427,-37.15002,9.628083,40.316017,22.47225,1353.0
146.43427,-37.15002,9.628083,40.316017,22.47225,1353.0
146.44102,-37.15096,9.628083,40.316017,22.47225,1353.0
146.44102,-37.15096,9.628083,40.316017,22.47225,1353.0
147.14453,-36.98362,9.408354,40.790546,23.0895,1292.0
147.14565,-36.98362,9.408354,40.790546,23.0895,1292.0
147.14453,-36.98362,9.408354,40.790546,23.0895,1292.0
147.15803,-36.99081,9.408354,40.790546,23.0895,1292.0
147.15803,-36.99081,9.408354,40.790546,23.0895,1292.0
146.43651,-37.15184,9.628083,40.316017,22.47225,1353.0
147.14116,-36.98542,9.408354,40.790546,23.0895,1292.0
146.43651,-37.15184,9.628083,40.316017,22.47225,1353.0
147.15691,-36.99171,9.408354,40.790546,23.0895,1292.0
147.14565,-36.98362,9.408354,40.790546,23.0895,1292.0
147.14116,-36.98542,9.408354,40.790546,23.0895,1292.0
148.333783,-36.432552,6.881583,42.268078,23.133,1544.0
148.333783,-36.432552,6.881583,42.268078,23.133,1544.0
146.42415,-37.14727,9.628083,40.316017,22.47225,1353.0
146.42415,-37.14727,9.628083,40.316017,22.47225,1353.0
148.310064,-36.448374,7.8357186,41.597527,23.50275,1500.0
148.368407,-36.413914,6.881583,42.268078,23.133,1544.0
148.393707,-36.37924,6.881583,42.268078,23.133,1544.0
148.33423,-36.435224,6.881583,42.268078,23.133,1544.0
148.39675,-36.381747,6.881583,42.268078,23.133,1544.0
148.259489,-36.490719,7.8357186,41.597527,23.50275,1500.0
148.310064,-36.448374,7.8357186,41.597527,23.50275,1500.0
148.31284,-36.444927,7.8357186,41.597527,23.50275,1500.0
148.311216,-36.446576,7.8357186,41.597527,23.50275,1500.0
148.393707,-36.37924,6.881583,42.268078,23.133,1544.0
148.39675,-36.381747,6.881583,42.268078,23.133,1544.0
148.307214,-36.452732,7.8357186,41.597527,23.50275,1500.0
148.37793,-36.411948,6.881583,42.268078,23.133,1544.0
148.259489,-36.490719,7.8357186,41.597527,23.50275,1500.0
148.280725,-36.492223,7.8357186,41.597527,23.50275,1500.0
148.378305,-36.413602,6.881583,42.268078,23.133,1544.0
148.395543,-36.379661,6.881583,42.268078,23.133,1544.0
148.395543,-36.379661,6.881583,42.268078,23.133,1544.0
148.378305,-36.413602,6.881583,42.268078,23.133,1544.0
148.37793,-36.411948,6.881583,42.268078,23.133,1544.0
148.368407,-36.413914,6.881583,42.268078,23.133,1544.0
147.3096,-36.87346,6.8537397,39.09556,22.146751,1519.0
147.32627,-36.89013,6.8537397,39.09556,22.146751,1519.0
147.24294,-36.87346,6.8537397,39.09556,22.146751,1519.0
,,,,,
,,,,,
,,,,,
,,,,,
,,,,,
,,,,,
,,,,,
,,,,,
,,,,,
,,,,,
,,,,,
,,,,,
,,,,,
,,,,,
,,,,,
,,,,,
,,,,,
,,,,,
148.395543,-36.379661,6.881583,42.268078,23.133,1544.0
148.378305,-36.413602,6.881583,42.268078,23.133,1544.0
148.333783,-36.432552,6.881583,42.268078,23.133,1544.0
148.311216,-36.446576,7.8357186,41.597527,23.50275,1500.0
148.368407,-36.413914,6.881583,42.268078,23.133,1544.0
148.37793,-36.411948,6.881583,42.268078,23.133,1544.0
148.310064,-36.448374,7.8357186,41.597527,23.50275,1500.0
148.395543,-36.379661,6.881583,42.268078,23.133,1544.0
148.307214,-36.452732,7.8357186,41.597527,23.50275,1500.0
148.39675,-36.381747,6.881583,42.268078,23.133,1544.0
148.311216,-36.446576,7.8357186,41.597527,23.50275,1500.0
148.368407,-36.413914,6.881583,42.268078,23.133,1544.0
148.395543,-36.379661,6.881583,42.268078,23.133,1544.0
148.378305,-36.413602,6.881583,42.268078,23.133,1544.0
148.397787,-36.379851,6.881583,42.268078,23.133,1544.0
148.377673,-36.418261,6.881583,42.268078,23.133,1544.0
148.37793,-36.411948,6.881583,42.268078,23.133,1544.0
148.31284,-36.444927,7.8357186,41.597527,23.50275,1500.0
148.39675,-36.381747,6.881583,42.268078,23.133,1544.0
148.31284,-36.444927,7.8357186,41.597527,23.50275,1500.0
148.333783,-36.432552,6.881583,42.268078,23.133,1544.0
148.307214,-36.452732,7.8357186,41.597527,23.50275,1500.0
148.260808,-36.449454,7.8357186,41.597527,23.50275,1500.0
148.256902,-36.425931,7.8357186,41.597527,23.50275,1500.0
148.256902,-36.425931,7.8357186,41.597527,23.50275,1500.0
148.263639,-36.452714,7.8357186,41.597527,23.50275,1500.0
148.353946,-36.40392,6.881583,42.268078,23.133,1544.0
148.258029,-36.424558,7.8357186,41.597527,23.50275,1500.0
148.352801,-36.415057,6.881583,42.268078,23.133,1544.0
148.352784,-36.405096,6.881583,42.268078,23.133,1544.0
148.393707,-36.37924,6.881583,42.268078,23.133,1544.0
148.353946,-36.40392,6.881583,42.268078,23.133,1544.0
148.393707,-36.37924,6.881583,42.268078,23.133,1544.0
148.259073,-36.422933,7.8357186,41.597527,23.50275,1500.0
148.263639,-36.452714,7.8357186,41.597527,23.50275,1500.0
148.352801,-36.415057,6.881583,42.268078,23.133,1544.0
148.259073,-36.422933,7.8357186,41.597527,23.50275,1500.0
148.260808,-36.449454,7.8357186,41.597527,23.50275,1500.0
148.258414,-36.453932,7.8357186,41.597527,23.50275,1500.0
148.258414,-36.453932,7.8357186,41.597527,23.50275,1500.0
148.352784,-36.405096,6.881583,42.268078,23.133,1544.0
,,,,,
147.32627,-36.89013,6.8537397,39.09556,22.146751,1519.0
147.3096,-36.8068,9.479864,41.633244,23.43775,1303.0
147.32627,-36.89013,6.8537397,39.09556,22.146751,1519.0
147.3096,-36.8068,9.479864,41.633244,23.43775,1303.0
,,,,,
,,,,,
148.38499,-36.39805,6.881583,42.268078,23.133,1544.0
148.320822,-36.418841,7.8357186,41.597527,23.50275,1500.0
148.389962,-36.292753,6.1706977,41.119827,23.4645,1692.0
147.14294,-36.99013,9.408354,40.790546,23.0895,1292.0
147.27627,-36.8068,9.479864,41.633244,23.43775,1303.0
147.22627,-36.89013,6.8537397,39.09556,22.146751,1519.0
147.2596,-36.87346,6.8537397,39.09556,22.146751,1519.0
148.356364,-36.317108,6.1706977,41.119827,23.4645,1692.0
148.323364,-36.418127,7.8357186,41.597527,23.50275,1500.0
148.390551,-36.30213,6.1706977,41.119827,23.4645,1692.0
148.333783,-36.432552,6.881583,42.268078,23.133,1544.0
148.394749,-36.284565,6.1706977,41.119827,23.4645,1692.0
148.323364,-36.418127,7.8357186,41.597527,23.50275,1500.0
148.333783,-36.432552,6.881583,42.268078,23.133,1544.0
,,,,,
,,,,,
,,,,,
,,,,,
,,,,,
,,,,,
148.269729,-36.432016,7.8357186,41.597527,23.50275,1500.0
148.275115,-36.420239,7.8357186,41.597527,23.50275,1500.0
146.45,-37.13,9.628083,40.316017,22.47225,1353.0
146.45,-37.13,9.628083,40.316017,22.47225,1353.0
146.45,-37.13,9.628083,40.316017,22.47225,1353.0
148.377673,-36.418261,6.881583,42.268078,23.133,1544.0
148.378305,-36.413602,6.881583,42.268078,23.133,1544.0
148.368407,-36.413914,6.881583,42.268078,23.133,1544.0
148.37793,-36.411948,6.881583,42.268078,23.133,1544.0
148.28231,-36.4522,7.8357186,41.597527,23.50275,1500.0
148.311216,-36.446576,7.8357186,41.597527,23.50275,1500.0
148.39675,-36.381747,6.881583,42.268078,23.133,1544.0
148.37793,-36.411948,6.881583,42.268078,23.133,1544.0
148.310064,-36.448374,7.8357186,41.597527,23.50275,1500.0
148.274849,-36.457887,7.8357186,41.597527,23.50275,1500.0
148.28231,-36.4522,7.8357186,41.597527,23.50275,1500.0
148.395543,-36.379661,6.881583,42.268078,23.133,1544.0
148.269103,-36.433302,7.8357186,41.597527,23.50275,1500.0
148.393707,-36.37924,6.881583,42.268078,23.133,1544.0
148.368407,-36.413914,6.881583,42.268078,23.133,1544.0
148.239555,-36.433585,7.8357186,41.597527,23.50275,1500.0
148.274849,-36.457887,7.8357186,41.597527,23.50275,1500.0
148.33423,-36.435224,6.881583,42.268078,23.133,1544.0
148.393707,-36.37924,6.881583,42.268078,23.133,1544.0
148.342015,-36.437057,6.881583,42.268078,23.133,1544.0
148.253748,-36.465619,7.8357186,41.597527,23.50275,1500.0
148.248473,-36.424117,7.8357186,41.597527,23.50275,1500.0
148.31284,-36.444927,7.8357186,41.597527,23.50275,1500.0
148.307214,-36.452732,7.8357186,41.597527,23.50275,1500.0
148.397787,-36.379851,6.881583,42.268078,23.133,1544.0
148.39675,-36.381747,6.881583,42.268078,23.133,1544.0
148.33423,-36.435224,6.881583,42.268078,23.133,1544.0
148.377673,-36.418261,6.881583,42.268078,23.133,1544.0
148.275008,-36.41374,7.8357186,41.597527,23.50275,1500.0
148.269103,-36.433302,7.8357186,41.597527,23.50275,1500.0
148.25911,-36.420355,7.8357186,41.597527,23.50275,1500.0
148.378305,-36.413602,6.881583,42.268078,23.133,1544.0
148.307214,-36.452732,7.8357186,41.597527,23.50275,1500.0
148.310064,-36.448374,7.8357186,41.597527,23.50275,1500.0
148.31284,-36.444927,7.8357186,41.597527,23.50275,1500.0
148.253748,-36.465619,7.8357186,41.597527,23.50275,1500.0
148.248473,-36.424117,7.8357186,41.597527,23.50275,1500.0
148.239959,-36.428831,7.8357186,41.597527,23.50275,1500.0
148.336891,-36.428415,6.881583,42.268078,23.133,1544.0
148.311216,-36.446576,7.8357186,41.597527,23.50275,1500.0
148.275106,-36.456577,7.8357186,41.597527,23.50275,1500.0
148.336891,-36.428415,6.881583,42.268078,23.133,1544.0
148.357658,-36.324288,6.1706977,41.119827,23.4645,1692.0
,,,,,
,,,,,
,,,,,
,,,,,
,,,,,
,,,,,
,,,,,
,,,,,
,,,,,
,,,,,
,,,,,
,,,,,
,,,,,
,,,,,
,,,,,
,,,,,
,,,,,
,,,,,
,,,,,
,,,,,
,,,,,
,,,,,
,,,,,
,,,,,
,,,,,
,,,,,
,,,,,
,,,,,
,,,,,
,,,,,
,,,,,
,,,,,
,,,,,
,,,,,
,,,,,
,,,,,
,,,,,
,,,,,
,,,,,
,,,,,
,,,,,
,,,,,
,,,,,
,,,,,
,,,,,
,,,,,
,,,,,
,,,,,
,,,,,
,,,,,
,,,,,
,,,,,
,,,,,
,,,,,
,,,,,
,,,,,
,,,,,
,,,,,
,,,,,
,,,,,
,,,,,
,,,,,
,,,,,
,,,,,
,,,,,
,,,,,
,,,,,
,,,,,
,,,,,
,,,,,
,,,,,
,,,,,
,,,,,
,,,,,
,,,,,
,,,,,
,,,,,
,,,,,
,,,,,
,,,,,
,,,,,
,,,,,
,,,,,
,,,,,
,,,,,
,,,,,
,,,,,
,,,,,
,,,,,
,,,,,
,,,,,
,,,,,
,,,,,
,,,,,
,,,,,
,,,,,
,,,,,
,,,,,
,,,,,
,,,,,
,,,,,
,,,,,
,,,,,
,,,,,
,,,,,
,,,,,
,,,,,
,,,,,
,,,,,
,,,,,
,,,,,
,,,,,
,,,,,
,,,,,
,,,,,
,,,,,
,,,,,
,,,,,
,,,,,
,,,,,
,,,,,
,,,,,
,,,,,
,,,,,
,,,,,
,,,,,
,,,,,
,,,,,
,,,,,
,,,,,
,,,,,
,,,,,
,,,,,
,,,,,
,,,,,
,,,,,
,,,,,
,,,,,
,,,,,
,,,,,
,,,,,
,,,,,
,,,,,
,,,,,
,,,,,
,,,,,
,,,,,
,,,,,
,,,,,
147.30833,-36.89167,6.8537397,39.09556,22.146751,1519.0
147.14294,-36.99013,9.408354,40.790546,23.0895,1292.0
147.14294,-36.99013,9.408354,40.790546,23.0895,1292.0
147.14294,-36.99013,9.408354,40.790546,23.0895,1292.0
147.14294,-36.99013,9.408354,40.790546,23.0895,1292.0
146.44295,-37.14014,9.628083,40.316017,22.47225,1353.0
146.42629,-37.14014,9.628083,40.316017,22.47225,1353.0
146.42629,-37.14014,9.628083,40.316017,22.47225,1353.0
148.3167,-36.4167,7.8357186,41.597527,23.50275,1500.0
148.3167,-36.4167,7.8357186,41.597527,23.50275,1500.0
148.311216,-36.446576,7.8357186,41.597527,23.50275,1500.0
148.310064,-36.448374,7.8357186,41.597527,23.50275,1500.0
148.353479,-36.417519,6.881583,42.268078,23.133,1544.0
148.393707,-36.37924,6.881583,42.268078,23.133,1544.0
148.368407,-36.413914,6.881583,42.268078,23.133,1544.0
148.39675,-36.381747,6.881583,42.268078,23.133,1544.0
148.388453,-36.384106,6.881583,42.268078,23.133,1544.0
148.395543,-36.379661,6.881583,42.268078,23.133,1544.0
148.37793,-36.411948,6.881583,42.268078,23.133,1544.0
148.352643,-36.413003,6.881583,42.268078,23.133,1544.0
148.39675,-36.381747,6.881583,42.268078,23.133,1544.0
148.333783,-36.432552,6.881583,42.268078,23.133,1544.0
148.397787,-36.379851,6.881583,42.268078,23.133,1544.0
148.307214,-36.452732,7.8357186,41.597527,23.50275,1500.0
148.368407,-36.413914,6.881583,42.268078,23.133,1544.0
148.393707,-36.37924,6.881583,42.268078,23.133,1544.0
148.31284,-36.444927,7.8357186,41.597527,23.50275,1500.0
148.352643,-36.413003,6.881583,42.268078,23.133,1544.0
148.311216,-36.446576,7.8357186,41.597527,23.50275,1500.0
148.395543,-36.379661,6.881583,42.268078,23.133,1544.0
148.31284,-36.444927,7.8357186,41.597527,23.50275,1500.0
148.310064,-36.448374,7.8357186,41.597527,23.50275,1500.0
148.307214,-36.452732,7.8357186,41.597527,23.50275,1500.0
148.377673,-36.418261,6.881583,42.268078,23.133,1544.0
148.388484,-36.384566,6.881583,42.268078,23.133,1544.0
148.333783,-36.432552,6.881583,42.268078,23.133,1544.0
148.397787,-36.379851,6.881583,42.268078,23.133,1544.0
148.377673,-36.418261,6.881583,42.268078,23.133,1544.0
148.37793,-36.411948,6.881583,42.268078,23.133,1544.0
148.378305,-36.413602,6.881583,42.268078,23.133,1544.0
148.378305,-36.413602,6.881583,42.268078,23.133,1544.0
147.14566,-36.98542,9.408354,40.790546,23.0895,1292.0
147.16132,-36.95565,9.408354,40.790546,23.0895,1292.0
147.22627,-36.92346,6.8537397,39.09556,22.146751,1519.0
147.32627,-36.74013,9.479864,41.633244,23.43775,1303.0
147.22627,-36.94013,6.8537397,39.09556,22.146751,1519.0
147.3096,-36.89013,6.8537397,39.09556,22.146751,1519.0
146.49523,-37.12686,9.628083,40.316017,22.47225,1353.0
,,,,,
148.4,-36.28,6.1706977,41.119827,23.4645,1692.0
147.14167,-36.99167,9.408354,40.790546,23.0895,1292.0
147.15833,-36.95833,9.408354,40.790546,23.0895,1292.0
147.15,-36.98,9.408354,40.790546,23.0895,1292.0
147.15,-36.98,9.408354,40.790546,23.0895,1292.0
147.32,-36.82,9.479864,41.633244,23.43775,1303.0
147.27441,-36.85448,6.8537397,39.09556,22.146751,1519.0
147.30561,-36.80212,9.479864,41.633244,23.43775,1303.0
147.27441,-36.85448,6.8537397,39.09556,22.146751,1519.0
147.32,-36.82,9.479864,41.633244,23.43775,1303.0
147.32,-36.82,9.479864,41.633244,23.43775,1303.0
147.32,-36.82,9.479864,41.633244,23.43775,1303.0
147.24294,-36.87346,6.8537397,39.09556,22.146751,1519.0
147.3096,-36.89013,6.8537397,39.09556,22.146751,1519.0
147.3096,-36.87346,6.8537397,39.09556,22.146751,1519.0
147.29293,-36.87346,6.8537397,39.09556,22.146751,1519.0
147.24294,-36.89013,6.8537397,39.09556,22.146751,1519.0
147.2596,-36.87346,6.8537397,39.09556,22.146751,1519.0
147.27627,-36.8568,6.8537397,39.09556,22.146751,1519.0
147.2096,-36.9068,6.8537397,39.09556,22.146751,1519.0
147.22627,-36.9068,6.8537397,39.09556,22.146751,1519.0
147.15,-36.98,9.408354,40.790546,23.0895,1292.0
147.3096,-36.8068,9.479864,41.633244,23.43775,1303.0
147.19261,-36.8907,6.8537397,39.09556,22.146751,1519.0
147.15798,-36.96647,9.408354,40.790546,23.0895,1292.0
,,,,,
,,,,,
,,,,,
147.15,-36.98,9.408354,40.790546,23.0895,1292.0
147.15,-36.98,9.408354,40.790546,23.0895,1292.0
147.15,-36.98,9.408354,40.790546,23.0895,1292.0
147.15,-36.98,9.408354,40.790546,23.0895,1292.0
147.14294,-36.99013,9.408354,40.790546,23.0895,1292.0
147.14294,-36.99013,9.408354,40.790546,23.0895,1292.0
147.14294,-36.99013,9.408354,40.790546,23.0895,1292.0
147.14294,-36.99013,9.408354,40.790546,23.0895,1292.0
147.14294,-36.99013,9.408354,40.790546,23.0895,1292.0
147.14294,-36.99013,9.408354,40.790546,23.0895,1292.0
,,,,,
148.388333,-36.373597,6.881583,42.268078,23.133,1544.0
148.388333,-36.373597,6.881583,42.268078,23.133,1544.0
148.391682,-36.373215,6.881583,42.268078,23.133,1544.0
148.391682,-36.373215,6.881583,42.268078,23.133,1544.0
148.28231,-36.4522,7.8357186,41.597527,23.50275,1500.0
148.28231,-36.4522,7.8357186,41.597527,23.50275,1500.0
148.336891,-36.428415,6.881583,42.268078,23.133,1544.0
148.336891,-36.428415,6.881583,42.268078,23.133,1544.0
148.28231,-36.4522,7.8357186,41.597527,23.50275,1500.0
148.336891,-36.428415,6.881583,42.268078,23.133,1544.0
148.28231,-36.4522,7.8357186,41.597527,23.50275,1500.0
148.382967,-36.378365,6.881583,42.268078,23.133,1544.0
148.378857,-36.380449,6.881583,42.268078,23.133,1544.0
148.398438,-36.382602,6.881583,42.268078,23.133,1544.0
148.388453,-36.384106,6.881583,42.268078,23.133,1544.0
148.378857,-36.380449,6.881583,42.268078,23.133,1544.0
148.401606,-36.380816,6.881583,42.268078,23.133,1544.0
148.382967,-36.378365,6.881583,42.268078,23.133,1544.0
148.401606,-36.380816,6.881583,42.268078,23.133,1544.0
147.3096,-36.8068,9.479864,41.633244,23.43775,1303.0
148.416,-36.316,6.1706977,41.119827,23.4645,1692.0
148.416,-36.316,6.1706977,41.119827,23.4645,1692.0
148.416,-36.316,6.1706977,41.119827,23.4645,1692.0
148.416,-36.316,6.1706977,41.119827,23.4645,1692.0
148.40322,-36.38048,6.881583,42.268078,23.133,1544.0
148.33496,-36.43084,6.881583,42.268078,23.133,1544.0
148.28067,-36.45307,7.8357186,41.597527,23.50275,1500.0
148.36922,-36.41242,6.881583,42.268078,23.133,1544.0
148.32358,-36.41745,7.8357186,41.597527,23.50275,1500.0
148.39316,-36.37879,6.881583,42.268078,23.133,1544.0
148.37977,-36.37805,6.881583,42.268078,23.133,1544.0
148.39765,-36.38054,6.881583,42.268078,23.133,1544.0
148.26502,-36.45143,7.8357186,41.597527,23.50275,1500.0
148.38878,-36.38335,6.881583,42.268078,23.133,1544.0
148.37701,-36.41143,6.881583,42.268078,23.133,1544.0
148.3954,-36.37967,6.881583,42.268078,23.133,1544.0
148.39179,-36.30218,6.1706977,41.119827,23.4645,1692.0
147.3096,-36.74013,9.479864,41.633244,23.43775,1303.0
147.3096,-36.72346,9.479864,41.633244,23.43775,1303.0
148.42,-36.37,6.881583,42.268078,23.133,1544.0
147.15,-36.95,9.408354,40.790546,23.0895,1292.0
147.15,-36.98,9.408354,40.790546,23.0895,1292.0
147.15,-36.98,9.408354,40.790546,23.0895,1292.0
147.15961,-36.99013,9.408354,40.790546,23.0895,1292.0
147.15,-36.98,9.408354,40.790546,23.0895,1292.0
147.15961,-36.99013,9.408354,40.790546,23.0895,1292.0
147.133,-37.0,9.408354,40.790546,23.0895,1292.0
147.15,-36.98,9.408354,40.790546,23.0895,1292.0
147.15,-36.98,9.408354,40.790546,23.0895,1292.0
147.15,-36.98,9.408354,40.790546,23.0895,1292.0
147.15,-36.98,9.408354,40.790546,23.0895,1292.0
147.15,-36.98,9.408354,40.790546,23.0895,1292.0
147.15,-36.98,9.408354,40.790546,23.0895,1292.0
147.15,-36.98,9.408354,40.790546,23.0895,1292.0
147.15,-36.98,9.408354,40.790546,23.0895,1292.0
147.15,-36.98,9.408354,40.790546,23.0895,1292.0
147.15,-36.98,9.408354,40.790546,23.0895,1292.0
147.15,-36.98,9.408354,40.790546,23.0895,1292.0
147.15,-36.98,9.408354,40.790546,23.0895,1292.0
147.15,-36.98,9.408354,40.790546,23.0895,1292.0
147.15,-36.98,9.408354,40.790546,23.0895,1292.0
147.15,-36.98,9.408354,40.790546,23.0895,1292.0
147.15,-36.98,9.408354,40.790546,23.0895,1292.0
147.15,-36.98,9.408354,40.790546,23.0895,1292.0
147.15,-36.98,9.408354,40.790546,23.0895,1292.0
147.15,-36.98,9.408354,40.790546,23.0895,1292.0
147.15961,-36.99013,9.408354,40.790546,23.0895,1292.0
147.15,-36.98,9.408354,40.790546,23.0895,1292.0
147.1501,-36.96017,9.408354,40.790546,23.0895,1292.0
147.14294,-36.99013,9.408354,40.790546,23.0895,1292.0
147.14294,-36.99013,9.408354,40.790546,23.0895,1292.0
148.25,-36.4167,7.8357186,41.597527,23.50275,1500.0
147.133,-36.983,9.408354,40.790546,23.0895,1292.0
148.25958,-36.42345,7.8357186,41.597527,23.50275,1500.0
147.15,-36.98,9.408354,40.790546,23.0895,1292.0
148.331928,-36.416013,7.8357186,41.597527,23.50275,1500.0
148.37542,-36.38441,6.881583,42.268078,23.133,1544.0
148.39432,-36.38148,6.881583,42.268078,23.133,1544.0
147.15,-36.95,9.408354,40.790546,23.0895,1292.0
147.1596,-36.9568,9.408354,40.790546,23.0895,1292.0
147.19294,-36.9068,6.8537397,39.09556,22.146751,1519.0
147.2096,-36.94013,6.8537397,39.09556,22.146751,1519.0
147.2096,-36.94013,6.8537397,39.09556,22.146751,1519.0
147.2096,-36.94013,6.8537397,39.09556,22.146751,1519.0
147.15961,-36.97347,9.408354,40.790546,23.0895,1292.0
147.15961,-36.97347,9.408354,40.790546,23.0895,1292.0
147.19294,-36.9068,6.8537397,39.09556,22.146751,1519.0
147.16794,-36.96513,6.8537397,39.09556,22.146751,1519.0
148.5,-36.6667,12.083521,46.92699,24.3545,668.0
148.38988,-36.38244,6.881583,42.268078,23.133,1544.0
148.5,-36.6667,12.083521,46.92699,24.3545,668.0
148.252029,-36.51063,8.001604,41.846535,22.85225,1368.0
148.40102,-36.38231,6.881583,42.268078,23.133,1544.0
148.267601,-36.438348,7.8357186,41.597527,23.50275,1500.0
148.256519,-36.442973,7.8357186,41.597527,23.50275,1500.0
148.250869,-36.438525,7.8357186,41.597527,23.50275,1500.0
147.14294,-36.99013,9.408354,40.790546,23.0895,1292.0
148.25598,-36.44432,7.8357186,41.597527,23.50275,1500.0
148.26812,-36.43608,7.8357186,41.597527,23.50275,1500.0
148.2503,-36.43807,7.8357186,41.597527,23.50275,1500.0
148.39655,-36.38146,6.881583,42.268078,23.133,1544.0
148.2523,-36.42362,7.8357186,41.597527,23.50275,1500.0
148.38876,-36.38245,6.881583,42.268078,23.133,1544.0
148.38878,-36.38335,6.881583,42.268078,23.133,1544.0
148.38989,-36.38334,6.881583,42.268078,23.133,1544.0
148.25224,-36.42002,7.8357186,41.597527,23.50275,1500.0
148.39542,-36.38057,6.881583,42.268078,23.133,1544.0
148.31178,-36.44552,7.8357186,41.597527,23.50275,1500.0
148.39179,-36.30218,6.1706977,41.119827,23.4645,1692.0
148.31068,-36.44643,7.8357186,41.597527,23.50275,1500.0
148.31177,-36.44462,7.8357186,41.597527,23.50275,1500.0
148.39292,-36.30307,6.1706977,41.119827,23.4645,1692.0
148.30741,-36.45098,7.8357186,41.597527,23.50275,1500.0
148.3096,-36.44825,7.8357186,41.597527,23.50275,1500.0
148.3085,-36.44916,7.8357186,41.597527,23.50275,1500.0
148.36925,-36.41423,6.881583,42.268078,23.133,1544.0
147.15961,-36.99013,9.408354,40.790546,23.0895,1292.0
147.13461,-36.9818,9.408354,40.790546,23.0895,1292.0
147.13461,-36.9818,9.408354,40.790546,23.0895,1292.0
147.14294,-36.99013,9.408354,40.790546,23.0895,1292.0
147.15961,-36.99013,9.408354,40.790546,23.0895,1292.0
147.14294,-36.99013,9.408354,40.790546,23.0895,1292.0
148.253203,-36.514223,8.001604,41.846535,22.85225,1368.0
148.253203,-36.514223,8.001604,41.846535,22.85225,1368.0
148.334374,-36.428606,6.881583,42.268078,23.133,1544.0
148.253145,-36.510618,8.001604,41.846535,22.85225,1368.0
148.251883,-36.501616,8.001604,41.846535,22.85225,1368.0
148.2531,-36.5106,8.001604,41.846535,22.85225,1368.0
148.33156,-36.42727,7.8357186,41.597527,23.50275,1500.0
148.25375,-36.51375,8.001604,41.846535,22.85225,1368.0
148.25243,-36.50115,8.001604,41.846535,22.85225,1368.0
148.312371,-36.446879,7.8357186,41.597527,23.50275,1500.0
148.322915,-36.410705,7.8357186,41.597527,23.50275,1500.0
148.31683,-36.41391,7.8357186,41.597527,23.50275,1500.0
148.31059,-36.44103,7.8357186,41.597527,23.50275,1500.0
148.31171,-36.44101,7.8357186,41.597527,23.50275,1500.0
148.31047,-36.43382,7.8357186,41.597527,23.50275,1500.0
148.31172,-36.44192,7.8357186,41.597527,23.50275,1500.0
148.3157,-36.41303,7.8357186,41.597527,23.50275,1500.0
148.31906,-36.41389,7.8357186,41.597527,23.50275,1500.0
148.31796,-36.4148,7.8357186,41.597527,23.50275,1500.0
148.28287,-36.45124,7.8357186,41.597527,23.50275,1500.0
148.286342,-36.492235,7.8357186,41.597527,23.50275,1500.0
148.326705,-36.436805,7.8357186,41.597527,23.50275,1500.0
147.15,-36.98,9.408354,40.790546,23.0895,1292.0
147.13461,-36.9818,9.408354,40.790546,23.0895,1292.0
147.29294,-36.94013,6.8537397,39.09556,22.146751,1519.0
148.32615,-36.43725,7.8357186,41.597527,23.50275,1500.0
148.253203,-36.514223,8.001604,41.846535,22.85225,1368.0
147.15,-36.98,9.408354,40.790546,23.0895,1292.0
147.15961,-36.99013,9.408354,40.790546,23.0895,1292.0
148.387735,-36.292779,6.1706977,41.119827,23.4645,1692.0
148.387735,-36.292779,6.1706977,41.119827,23.4645,1692.0
148.376127,-36.265869,6.1706977,41.119827,23.4645,1692.0
148.376127,-36.265869,6.1706977,41.119827,23.4645,1692.0
147.15961,-36.99013,9.408354,40.790546,23.0895,1292.0
147.15,-36.98,9.408354,40.790546,23.0895,1292.0
147.13461,-36.9818,9.408354,40.790546,23.0895,1292.0
147.133,-36.983,9.408354,40.790546,23.0895,1292.0
147.12,-37.02,8.254135,39.449795,22.234749,1296.0
147.15,-36.93,9.408354,40.790546,23.0895,1292.0
147.13461,-37.0318,8.254135,39.449795,22.234749,1296.0
147.16794,-36.94847,6.8537397,39.09556,22.146751,1519.0
147.13461,-36.9818,9.408354,40.790546,23.0895,1292.0
147.15,-36.98,9.408354,40.790546,23.0895,1292.0
147.13461,-36.9818,9.408354,40.790546,23.0895,1292.0
147.15,-36.98,9.408354,40.790546,23.0895,1292.0
147.13461,-36.9818,9.408354,40.790546,23.0895,1292.0
148.313131,-36.491943,7.8357186,41.597527,23.50275,1500.0
148.290807,-36.492187,7.8357186,41.597527,23.50275,1500.0
147.15,-36.98,9.408354,40.790546,23.0895,1292.0
147.15,-36.98,9.408354,40.790546,23.0895,1292.0
147.15,-36.98,9.408354,40.790546,23.0895,1292.0
147.13461,-36.9818,9.408354,40.790546,23.0895,1292.0
,,,,,
148.4167,-36.35,6.881583,42.268078,23.133,1544.0
148.410977,-36.346595,6.881583,42.268078,23.133,1544.0
148.45958,-36.37345,6.881583,42.268078,23.133,1544.0
,,,,,
,,,,,
,,,,,
,,,,,
,,,,,
,,,,,
,,,,,
,,,,,
,,,,,
,,,,,
,,,,,
,,,,,
,,,,,
,,,,,
,,,,,
147.15961,-36.99013,9.408354,40.790546,23.0895,1292.0
151.250866,-33.831883,17.316963,45.777245,18.43916,1320.0
,,,,,
,,,,,
,,,,,
,,,,,
151.25,-33.83,17.316963,45.777245,18.43916,1320.0
148.4833,-36.45,6.881583,42.268078,23.133,1544.0
148.264445,-36.450101,7.8357186,41.597527,23.50275,1500.0
148.26506,-36.45414,7.8357186,41.597527,23.50275,1500.0
147.12,-36.97,9.408354,40.790546,23.0895,1292.0
148.26506,-36.45414,7.8357186,41.597527,23.50275,1500.0
147.13461,-36.9818,9.408354,40.790546,23.0895,1292.0
,,,,,
147.25,-36.88,6.8537397,39.09556,22.146751,1519.0
147.15961,-36.99013,9.408354,40.790546,23.0895,1292.0
147.15961,-36.99013,9.408354,40.790546,23.0895,1292.0
147.2346,-36.91513,6.8537397,39.09556,22.146751,1519.0
147.24294,-36.89013,6.8537397,39.09556,22.146751,1519.0
147.12,-36.97,9.408354,40.790546,23.0895,1292.0
147.15,-36.98,9.408354,40.790546,23.0895,1292.0
147.15,-36.98,9.408354,40.790546,23.0895,1292.0
147.15,-36.98,9.408354,40.790546,23.0895,1292.0
147.15,-36.98,9.408354,40.790546,23.0895,1292.0
147.13,-36.98,9.408354,40.790546,23.0895,1292.0
147.15,-36.98,9.408354,40.790546,23.0895,1292.0
147.15961,-36.99013,9.408354,40.790546,23.0895,1292.0
147.15961,-36.99013,9.408354,40.790546,23.0895,1292.0
147.15,-36.98,9.408354,40.790546,23.0895,1292.0
147.15127,-36.99847,9.408354,40.790546,23.0895,1292.0
147.15961,-36.99013,9.408354,40.790546,23.0895,1292.0
147.13461,-36.9818,9.408354,40.790546,23.0895,1292.0
147.13461,-36.9818,9.408354,40.790546,23.0895,1292.0
147.15961,-36.99013,9.408354,40.790546,23.0895,1292.0
147.15127,-36.99847,9.408354,40.790546,23.0895,1292.0
147.15961,-36.99013,9.408354,40.790546,23.0895,1292.0
148.26337,-36.521327,8.001604,41.846535,22.85225,1368.0
148.26337,-36.521327,8.001604,41.846535,22.85225,1368.0
148.38807,-36.28059,6.1706977,41.119827,23.4645,1692.0
148.3667,-36.2667,6.1706977,41.119827,23.4645,1692.0
148.4167,-36.35,6.881583,42.268078,23.133,1544.0
148.4167,-36.35,6.881583,42.268078,23.133,1544.0
148.389015,-36.364881,6.881583,42.268078,23.133,1544.0
148.410977,-36.346595,6.881583,42.268078,23.133,1544.0
148.37857,-36.37355,6.881583,42.268078,23.133,1544.0
148.376444,-36.283894,6.1706977,41.119827,23.4645,1692.0
148.4167,-36.35,6.881583,42.268078,23.133,1544.0
148.389015,-36.364881,6.881583,42.268078,23.133,1544.0
147.15,-36.98,9.408354,40.790546,23.0895,1292.0
147.15,-36.98,9.408354,40.790546,23.0895,1292.0
147.15,-36.98,9.408354,40.790546,23.0895,1292.0
147.15961,-36.99013,9.408354,40.790546,23.0895,1292.0
147.15127,-36.99847,9.408354,40.790546,23.0895,1292.0
,,,,,
,,,,,
,,,,,
,,,,,
,,,,,
,,,,,
,,,,,
,,,,,
,,,,,
,,,,,
,,,,,
,,,,,
148.333,-35.983,10.904552,44.098557,25.31125,1202.0
,,,,,
,,,,,
147.15,-36.98,9.408354,40.790546,23.0895,1292.0
147.15,-36.98,9.408354,40.790546,23.0895,1292.0
,,,,,
,,,,,
,,,,,
147.15,-36.98,9.408354,40.790546,23.0895,1292.0
147.15,-36.98,9.408354,40.790546,23.0895,1292.0
,,,,,
,,,,,
150.03334,-33.783333,12.123157,45.049915,22.6625,943.0
140.733337,-27.75,22.566397,42.960197,31.744501,210.0
,,,,,
,,,,,
,,,,,
,,,,,
,,,,,
,,,,,
,,,,,
,,,,,
148.65446,-35.5054,8.326052,43.011345,24.38625,1154.0
